date,time,ordered_by,restaurant,cart_url,reactions_total,reaction_breakdown,thread_replies,slack_link
2025-10-01,08:24 PT,Karan Thapar,Sushi 295 Mercer,https://drd.sh/cart/cGB6F6GIPLCuDW2O/,2,white_check_mark:1 heart_on_fire:1,0,https://grid-angellist.enterprise.slack.com/archives/C0335KUH5AN/p1759332284914459
2025-10-01,10:10 PT,Jonah Lecker,Just Salad,https://drd.sh/cart/vyJ1cXbTZDLmP84L/,2,thank_you:1 crown:1,0,https://grid-angellist.enterprise.slack.com/archives/C0335KUH5AN/p1759338645897319
2025-10-01,13:58 PT,Matt Bilotti,La Dong,https://drd.sh/cart/JwZXzySJpGBFPocn/,3,fire:3,7,https://grid-angellist.enterprise.slack.com/archives/C0335KUH5AN/p1759352317061729
2025-10-02,08:31 PT,Sam O'Driscoll,Unknown,https://drd.sh/cart/CzIUxQQ4t7M005lM/,1,im_dead:1,0,https://grid-angellist.enterprise.slack.com/archives/C0335KUH5AN/p1759419061755189
2025-10-02,08:47 PT,Haley Young,Avo,https://drd.sh/cart/8yKNoxWeB7ObnPxM/,0,,0,https://grid-angellist.enterprise.slack.com/archives/C0335KUH5AN/p1759420045899949
2025-10-02,12:13 PT,Dylan Chesney,Juice Gen,https://drd.sh/cart/CUli3lpxoYnZtMuH/,2,pray:1 white_check_mark:1,3,https://grid-angellist.enterprise.slack.com/archives/C0335KUH5AN/p1759432417219569
2025-10-02,14:13 PT,Matt Bilotti,Fish Cheeks,https://drd.sh/cart/aVZhYX6q4U2PcXrt/,1,fire:1,4,https://grid-angellist.enterprise.slack.com/archives/C0335KUH5AN/p1759439615188079
2025-10-03,05:13 PT,Sam O'Driscoll,Daily Provisions,https://drd.sh/cart/HIvtta9M9qeY4gw1/,0,,0,https://grid-angellist.enterprise.slack.com/archives/C0335KUH5AN/p1759493625866929
2025-10-03,08:41 PT,Dylan Chesney,Fattoush,https://drd.sh/cart/9Tk30ycde9L3TfXc/,1,white_check_mark:1,0,https://grid-angellist.enterprise.slack.com/archives/C0335KUH5AN/p1759506065872269
2025-10-03,08:44 PT,Raj Mehta,Unknown,https://drd.sh/cart/o1RKaxfW9xtEEFdJ/,0,,0,https://grid-angellist.enterprise.slack.com/archives/C0335KUH5AN/p1759506294383569
2025-10-03,14:33 PT,Sarah Zheng,Soup,https://drd.sh/cart/BF6nYLPDBItIL6hQ/,0,,0,https://grid-angellist.enterprise.slack.com/archives/C0335KUH5AN/p1759527215039689
2025-10-06,05:07 PT,Sam O'Driscoll,Daily Provisions,https://drd.sh/cart/fFhMnu8903vCqSUj/,0,,0,https://grid-angellist.enterprise.slack.com/archives/C0335KUH5AN/p1759752427253599
2025-10-06,08:04 PT,Tina Huang,Momo Sushi,https://drd.sh/cart/vFSbUSeFRb1qO6eI/,0,,2,https://grid-angellist.enterprise.slack.com/archives/C0335KUH5AN/p1759763061301439
2025-10-07,08:03 PT,Sam O'Driscoll,Unknown,https://drd.sh/cart/dPW0C0wuVvifNABu/,0,,4,https://grid-angellist.enterprise.slack.com/archives/C0335KUH5AN/p1759849393575789
2025-10-07,09:18 PT,Catherine Nguyen,Unknown,https://drd.sh/cart/UUzkeMdGlSlFodOe/,0,,1,https://grid-angellist.enterprise.slack.com/archives/C0335KUH5AN/p1759853898169109
2025-10-07,14:20 PT,Matt Bilotti,Oishibay Sushi,https://drd.sh/cart/IqD6YERGEBIFo5Wb/,1,fire:1,8,https://grid-angellist.enterprise.slack.com/archives/C0335KUH5AN/p1759872004398949
2025-10-08,09:00 PT,Catherine Nguyen,Soothr,https://drd.sh/cart/SpZg3YqnseUZybfh/,0,,0,https://grid-angellist.enterprise.slack.com/archives/C0335KUH5AN/p1759939259520659
2025-10-08,09:20 PT,Karan Thapar,Sushi 295 Mercer,https://drd.sh/cart/bKGlYSo28tl2aUe2/,0,,0,https://grid-angellist.enterprise.slack.com/archives/C0335KUH5AN/p1759940408626429
2025-10-08,13:12 PT,Amy Saks,Unknown,https://drd.sh/cart/qpApHQVkoKcVZShV/,0,,8,https://grid-angellist.enterprise.slack.com/archives/C0335KUH5AN/p1759954357055819
2025-10-08,13:54 PT,Maxim Kalinkin,Fish Cheeks,https://drd.sh/cart/5kdB86ANw2m4j8jN/,0,,11,https://grid-angellist.enterprise.slack.com/archives/C0335KUH5AN/p1759956882933539
2025-10-09,07:51 PT,Madison Waldvogel,Unknown,https://drd.sh/cart/YzW0tp4MFoiNheD8/,0,,6,https://grid-angellist.enterprise.slack.com/archives/C0335KUH5AN/p1760021498739209
2025-10-09,14:01 PT,Archit Dhar,Nami Nori,https://drd.sh/cart/rabxcyDrbBRtQl9D/,0,,17,https://grid-angellist.enterprise.slack.com/archives/C0335KUH5AN/p1760043669557119
2025-10-09,14:38 PT,Madison Waldvogel,LPB,https://drd.sh/cart/fsVobvDI37JfNTbl/,1,fomo:1,7,https://grid-angellist.enterprise.slack.com/archives/C0335KUH5AN/p1760045898552919
2025-10-10,07:27 PT,Erica Carlson,Unknown,https://drd.sh/cart/mvIFnVtuwMjyO3Df/,4,fire:4,1,https://grid-angellist.enterprise.slack.com/archives/C0335KUH5AN/p1760106446416159
2025-10-10,09:13 PT,Jonah Lecker,Electric Burrito,https://drd.sh/cart/utUk4ypTrnqiZRju/,0,,1,https://grid-angellist.enterprise.slack.com/archives/C0335KUH5AN/p1760112782969679
2025-10-10,12:45 PT,Archit Dhar,Ruby's Cafe,https://drd.sh/cart/eqJ4SzR7mGnKn7N8/,0,,1,https://grid-angellist.enterprise.slack.com/archives/C0335KUH5AN/p1760125543057409
2025-10-14,11:29 PT,Cody Maldonado,So Pure,https://drd.sh/cart/HtXpoxbfOC7l0QM2/,3,omg_whut:2 fomo:1,4,https://grid-angellist.enterprise.slack.com/archives/C0335KUH5AN/p1760466592136589
2025-10-14,13:46 PT,Sarah Zheng,Unknown,https://drd.sh/cart/6kpXaWDSbSSqZfoJ/,0,,0,https://grid-angellist.enterprise.slack.com/archives/C0335KUH5AN/p1760474773447629
2025-10-15,08:38 PT,Maxim Kalinkin,Cava,https://drd.sh/cart/P1oEyhbWharASWV9/,1,pray:1,0,https://grid-angellist.enterprise.slack.com/archives/C0335KUH5AN/p1760542687330839
2025-10-15,08:56 PT,Karan Thapar,Lin & Daughters,https://drd.sh/cart/MF5tmwRp3JOax3bd/,0,,3,https://grid-angellist.enterprise.slack.com/archives/C0335KUH5AN/p1760543804817329
2025-10-15,14:04 PT,Jack Plank,Unknown,https://drd.sh/cart/4YQSp5QOVxnCKf4X/,0,,1,https://grid-angellist.enterprise.slack.com/archives/C0335KUH5AN/p1760562251914969
2025-10-16,09:13 PT,Archit Dhar,Pura Vida,https://drd.sh/cart/SwfSQCTtooih4Il7/,1,ty:1,5,https://grid-angellist.enterprise.slack.com/archives/C0335KUH5AN/p1760631218960039
2025-10-16,14:02 PT,Jack Plank,Unknown,https://drd.sh/cart/IacFckyn6WBXWFIJ/,0,,3,https://grid-angellist.enterprise.slack.com/archives/C0335KUH5AN/p1760648531170609
2025-10-17,09:20 PT,Manav Mehta,J&J,https://drd.sh/cart/S7ld1W4XlOoKQFCz/,2,white_check_mark:2,0,https://grid-angellist.enterprise.slack.com/archives/C0335KUH5AN/p1760718026546819
2025-10-17,13:32 PT,Sarah Zheng,Unknown,https://drd.sh/cart/N0NpxUa91ucbKkZz/,0,,0,https://grid-angellist.enterprise.slack.com/archives/C0335KUH5AN/p1760733135256579
2025-10-17,13:33 PT,Archit Dhar,Unknown,https://drd.sh/cart/onyE8vExKQi7jp36/,0,,0,https://grid-angellist.enterprise.slack.com/archives/C0335KUH5AN/p1760733216480349
2025-10-20,06:36 PT,Leia Slosberg,Gregory's,https://drd.sh/cart/p1g9S0OE1NeNT9pB/,0,,14,https://grid-angellist.enterprise.slack.com/archives/C0335KUH5AN/p1760967371298719
2025-10-20,06:55 PT,Leia Slosberg,Sbux,https://drd.sh/cart/lnOLE4bL1BSnY9Yr/,2,ty_thankyou:2,0,https://grid-angellist.enterprise.slack.com/archives/C0335KUH5AN/p1760968516730389
2025-10-20,08:35 PT,Amy Saks,Peruvian,https://drd.sh/cart/G5uHpDURaEhmDDX1/,1,fire:1,1,https://grid-angellist.enterprise.slack.com/archives/C0335KUH5AN/p1760974534676389
2025-10-20,09:10 PT,Sam O'Driscoll,Unknown,https://drd.sh/cart/qlftt2rU4T9F45G6/,0,,0,https://grid-angellist.enterprise.slack.com/archives/C0335KUH5AN/p1760976600174999
2025-10-20,13:18 PT,Jack Plank,Unknown,https://drd.sh/cart/ZRpHBuQ7d9Amh091/,0,,0,https://grid-angellist.enterprise.slack.com/archives/C0335KUH5AN/p1760991522407029
2025-10-20,15:01 PT,Sam O'Driscoll,Unknown,https://drd.sh/cart/jZLWJpYvm6zqkEBg/,0,,0,https://grid-angellist.enterprise.slack.com/archives/C0335KUH5AN/p1760997684042329
2025-10-21,07:45 PT,Madison Waldvogel,Unknown,https://drd.sh/cart/oXizwCj2y4f5jcRQ/,0,,2,https://grid-angellist.enterprise.slack.com/archives/C0335KUH5AN/p1761057900784449
2025-10-21,09:30 PT,Sam O'Driscoll,Unknown,https://drd.sh/cart/vD0FooEIf3VF81YO/,2,eyes:2,4,https://grid-angellist.enterprise.slack.com/archives/C0335KUH5AN/p1761064241945619
2025-10-21,10:13 PT,Tina Huang,Mahmoun's,https://drd.sh/cart/hKO0HcUWOwmJCzwD/,2,ty:2,0,https://grid-angellist.enterprise.slack.com/archives/C0335KUH5AN/p1761066829802089
2025-10-21,14:08 PT,Catherine Nguyen,Unknown,https://drd.sh/cart/w4jhJw9fTsrqKvOx/,0,,10,https://grid-angellist.enterprise.slack.com/archives/C0335KUH5AN/p1761080927592999
2025-10-21,14:18 PT,Ethan Braren,Unknown,https://drd.sh/cart/7nQNI52YMP9bJZlC/,2,thank_you:2,0,https://grid-angellist.enterprise.slack.com/archives/C0335KUH5AN/p1761081504790059
2025-10-22,08:56 PT,Jonah Lecker,Burritos,https://drd.sh/cart/nx1WXrFe34G8ChXs/,2,pray:2,1,https://grid-angellist.enterprise.slack.com/archives/C0335KUH5AN/p1761148616989179
2025-10-22,10:17 PT,Sam O'Driscoll,Unknown,https://drd.sh/cart/PtIQRsiFNjXuhAVl/,0,,0,https://grid-angellist.enterprise.slack.com/archives/C0335KUH5AN/p1761153472698829
2025-10-22,13:21 PT,Dylan Chesney,Fattoush,https://drd.sh/cart/iBu824hUQdBR7v7l/,0,,0,https://grid-angellist.enterprise.slack.com/archives/C0335KUH5AN/p1761164480270229
2025-10-22,13:24 PT,Matt Bilotti,Blue Mountain,https://drd.sh/cart/a0eEC2IPnhqwAIMX/,1,heart:1,0,https://grid-angellist.enterprise.slack.com/archives/C0335KUH5AN/p1761164691537839
2025-10-22,13:26 PT,Tina Huang,Cafe China,https://drd.sh/cart/FEJCN9nIeiyykhBD/,2,sob:2,5,https://grid-angellist.enterprise.slack.com/archives/C0335KUH5AN/p1761164785890809
2025-10-23,08:42 PT,Sam O'Driscoll,Unknown,https://drd.sh/cart/Ux5DBdvxDSIoI9x6/,9,eyes:3 crying_bun:6,0,https://grid-angellist.enterprise.slack.com/archives/C0335KUH5AN/p1761234144616129
2025-10-23,13:08 PT,Archit Dhar,Parm,https://drd.sh/cart/sRdCizXN7c9UaL23/,8,lol-yellow:7 +1:1,10,https://grid-angellist.enterprise.slack.com/archives/C0335KUH5AN/p1761250088729009
2025-10-24,05:18 PT,Sam O'Driscoll,Unknown,https://drd.sh/cart/YcfNLpfL6RDyZkcf/,9,facts:1 heart_hands:6 heart_hands::skin-tone-3:2,0,https://grid-angellist.enterprise.slack.com/archives/C0335KUH5AN/p1761308289391019
2025-10-24,08:17 PT,Archit Dhar,Sushi,https://drd.sh/cart/fCiJaou7jqlp7OiY/,4,blob_sad:4,0,https://grid-angellist.enterprise.slack.com/archives/C0335KUH5AN/p1761319041223289
2025-10-24,09:14 PT,Bisher Anadani,Unknown,https://drd.sh/cart/QSktyXB05UpImQg4/,0,,1,https://grid-angellist.enterprise.slack.com/archives/C0335KUH5AN/p1761322485666339
2025-10-27,09:54 PT,Zach Schnell,Thai,https://drd.sh/cart/CDmtgpsrOL1aSaJ5/,1,thankyou-1506:1,14,https://grid-angellist.enterprise.slack.com/archives/C0335KUH5AN/p1761584098064939
2025-10-27,13:44 PT,Jack Plank,Unknown,https://drd.sh/cart/TxHgJExubo0EhHJd/,0,,0,https://grid-angellist.enterprise.slack.com/archives/C0335KUH5AN/p1761597896705699
2025-10-28,08:21 PT,Catherine Nguyen,Poke Bar,https://drd.sh/cart/Z7yabT4pWIvr0XTa/,3,raised_hands:3,0,https://grid-angellist.enterprise.slack.com/archives/C0335KUH5AN/p1761664908551169
2025-10-28,08:57 PT,Manav Mehta,Cookshop,https://drd.sh/cart/vWbhIeAV5TcVLa9N/,1,pray:1,0,https://grid-angellist.enterprise.slack.com/archives/C0335KUH5AN/p1761667028783149
2025-10-28,14:01 PT,Haley Young,Sushi,https://drd.sh/cart/YhvFYMjKWm9fyiUd/,0,,0,https://grid-angellist.enterprise.slack.com/archives/C0335KUH5AN/p1761685275030989
2025-10-28,14:11 PT,Haley Young,Sushi,https://drd.sh/cart/IyhNUueoVM5rll5U/,0,,6,https://grid-angellist.enterprise.slack.com/archives/C0335KUH5AN/p1761685912694069
2025-10-28,14:20 PT,Jun Yoon,Ilili,https://drd.sh/cart/YehQJMeDv4WLByxQ/,0,,0,https://grid-angellist.enterprise.slack.com/archives/C0335KUH5AN/p1761686423563239
2025-10-29,09:41 PT,Tina Huang,Erica's Sushi,https://drd.sh/cart/ooHYHmMUqE0fxKZa/,1,plus_one:1,0,https://grid-angellist.enterprise.slack.com/archives/C0335KUH5AN/p1761756069628349
2025-10-29,13:44 PT,Cody Maldonado,Unknown,https://drd.sh/cart/EIqllhl6mxnAKKcH/,0,,0,https://grid-angellist.enterprise.slack.com/archives/C0335KUH5AN/p1761770640863549
2025-10-29,15:20 PT,Jeremy Navarro,Dim Sum Sam,https://drd.sh/cart/kmyVKyPynvdiZ0NC/,2,pray:1 crying-pepe:1,0,https://grid-angellist.enterprise.slack.com/archives/C0335KUH5AN/p1761776434387129
2025-10-30,08:42 PT,Sarah Zheng,Comfort Food,https://drd.sh/cart/1uXJccTNaahQNHN2/,0,,0,https://grid-angellist.enterprise.slack.com/archives/C0335KUH5AN/p1761838974510039
2025-10-30,09:03 PT,Madison Waldvogel,Unknown,https://drd.sh/cart/Gi4bJcqdacSWgdOw/,0,,3,https://grid-angellist.enterprise.slack.com/archives/C0335KUH5AN/p1761840223732259
2025-10-30,13:38 PT,Tina Huang,LPB,https://drd.sh/cart/LTO7fQiCi19QxiEB/,0,,0,https://grid-angellist.enterprise.slack.com/archives/C0335KUH5AN/p1761856709907969
2025-10-31,13:10 PT,Raj Mehta,Unknown,https://drd.sh/cart/3STXUB5qxkV76cQT/,0,,0,https://grid-angellist.enterprise.slack.com/archives/C0335KUH5AN/p1761941458800299
2025-11-03,06:04 PT,Amy Saks,Unknown,https://drd.sh/cart/3MITv2kdkVtXvO6I/,1,thankyou-1506:1,1,https://grid-angellist.enterprise.slack.com/archives/C0335KUH5AN/p1762178692116089
2025-11-03,09:26 PT,Manav Mehta,La Dong,https://drd.sh/cart/SZD1SdgeK0thG6H6/,0,,0,https://grid-angellist.enterprise.slack.com/archives/C0335KUH5AN/p1762190792837949
2025-11-03,13:34 PT,Will Rosean,Westville,https://drd.sh/cart/DyL15LV9TU9Kjdir/,0,,1,https://grid-angellist.enterprise.slack.com/archives/C0335KUH5AN/p1762205652803659
2025-11-03,13:57 PT,Manav Mehta,Chipotle,https://drd.sh/cart/HkhRcULNzXnWMrHF/,1,raised_hands:1,0,https://grid-angellist.enterprise.slack.com/archives/C0335KUH5AN/p1762207064201389
2025-11-04,08:44 PT,Jonah Lecker,Rice Kitchen,https://drd.sh/cart/l06rafPOlNrQkIUh/,0,,3,https://grid-angellist.enterprise.slack.com/archives/C0335KUH5AN/p1762274646912519
2025-11-04,09:18 PT,Nora Hafez,Sushi 295 Mercer,https://drd.sh/cart/4AUJtyMPrElIHGHT/,0,,0,https://grid-angellist.enterprise.slack.com/archives/C0335KUH5AN/p1762276704955109
2025-11-04,12:54 PT,Tina Huang,Fiftylan,https://drd.sh/cart/vOIZL4FQF70az8Jm/,2,pray:1 pray::skin-tone-2:1,0,https://grid-angellist.enterprise.slack.com/archives/C0335KUH5AN/p1762289643414719
2025-11-04,14:01 PT,Cody Maldonado,Unknown,https://drd.sh/cart/JdeTsK0N2himDo49/,2,fire:2,1,https://grid-angellist.enterprise.slack.com/archives/C0335KUH5AN/p1762293706190089
2025-11-04,14:12 PT,Tina Huang,Samwoojung,https://drd.sh/cart/r1nqHBIIbus75eju/,0,,4,https://grid-angellist.enterprise.slack.com/archives/C0335KUH5AN/p1762294351281219
2025-11-05,09:24 PT,Bisher Anadani,Brasa Peruvian,https://www.doordash.com/cart/721be5bf-42e4-4161-ae07-f83802bea712?openGroupCartShare=true,0,,1,https://grid-angellist.enterprise.slack.com/archives/C0335KUH5AN/p1762363476156049
2025-11-05,13:13 PT,Catherine Nguyen,Mala Project,https://drd.sh/cart/L4ngkZ14U2OeccuE/,0,,3,https://grid-angellist.enterprise.slack.com/archives/C0335KUH5AN/p1762377229310499
2025-11-05,13:19 PT,Jun Yoon,Unknown,https://drd.sh/cart/w2VwWwupLWMgzNLS/,1,white_check_mark:1,0,https://grid-angellist.enterprise.slack.com/archives/C0335KUH5AN/p1762377599755009
2025-11-05,13:34 PT,Jack Plank,Sushi,https://drd.sh/cart/XQteIlUpO14iOmbU/,0,,0,https://grid-angellist.enterprise.slack.com/archives/C0335KUH5AN/p1762378443704379
2025-11-06,08:22 PT,Nadia Koritareva,Sweetgreen,https://drd.sh/cart/YTbWWpooD77ARp0Q/,3,fire:1 smiling_face_with_tear:1 white_check_mark:1,11,https://grid-angellist.enterprise.slack.com/archives/C0335KUH5AN/p1762446155639689
2025-11-06,09:03 PT,Leia Slosberg,Edith's,https://drd.sh/cart/83w486Ob9HxagWeH/,1,eyes:1,1,https://grid-angellist.enterprise.slack.com/archives/C0335KUH5AN/p1762448635351549
2025-11-06,13:31 PT,Tina Huang,Samwoojung,https://drd.sh/cart/C4YTNdoLseoKDZm1/,1,raised_hands:1,1,https://grid-angellist.enterprise.slack.com/archives/C0335KUH5AN/p1762464666849039
2025-11-06,13:46 PT,Raj Mehta,Chip,https://drd.sh/cart/ImCJ44Vt6eFhckRT/,0,,0,https://grid-angellist.enterprise.slack.com/archives/C0335KUH5AN/p1762465569173279
2025-11-07,09:01 PT,Tina Huang,Juice Gen,https://drd.sh/cart/D2NjOn1BYx50eNNm/,0,,0,https://grid-angellist.enterprise.slack.com/archives/C0335KUH5AN/p1762534877864629
2025-11-07,09:51 PT,Raj Mehta,Inday,https://drd.sh/cart/o9GCGWjKrFPYKZcF/,1,eyes:1,0,https://grid-angellist.enterprise.slack.com/archives/C0335KUH5AN/p1762537870607899
2025-11-07,13:13 PT,Haley Young,Nepali,https://drd.sh/cart/fVRt9LMRgcjlsr0A/,0,,0,https://grid-angellist.enterprise.slack.com/archives/C0335KUH5AN/p1762550010437899
2025-11-10,06:07 PT,Amy Saks,Unknown,https://drd.sh/cart/BEnFBpJPvTEhphs7/,1,pray:1,1,https://grid-angellist.enterprise.slack.com/archives/C0335KUH5AN/p1762783650648929
2025-11-10,13:28 PT,Cody Maldonado,Unknown,https://drd.sh/cart/rDhsZSxDI25jrq84/,0,,3,https://grid-angellist.enterprise.slack.com/archives/C0335KUH5AN/p1762810126479229
2025-11-10,13:37 PT,Sarah Campbell,LPB,https://drd.sh/cart/3FyRBkNEA19AzQrz/,0,,3,https://grid-angellist.enterprise.slack.com/archives/C0335KUH5AN/p1762810628574479
2025-11-10,13:53 PT,Cody Maldonado,Unknown,https://drd.sh/cart/CLsULFImkFDq2UvL/,0,,5,https://grid-angellist.enterprise.slack.com/archives/C0335KUH5AN/p1762811632536059
2025-11-12,08:47 PT,Jonah Lecker,Salad,https://drd.sh/cart/QqpwlgGeDV1u5z2d/,0,,2,https://grid-angellist.enterprise.slack.com/archives/C0335KUH5AN/p1762966075671069
2025-11-12,09:05 PT,Dylan Chesney,Italian Sandwiches,https://drd.sh/cart/R5mj2lZAn0bovbTh/,2,yum:1 white_check_mark:1,0,https://grid-angellist.enterprise.slack.com/archives/C0335KUH5AN/p1762967136767169
2025-11-12,13:34 PT,Jack Plank,Thai,https://drd.sh/cart/iGGAafxQSwlHwfVZ/,0,,0,https://grid-angellist.enterprise.slack.com/archives/C0335KUH5AN/p1762983264291169
2025-11-12,13:46 PT,Jun Yoon,Taco Bell,https://drd.sh/cart/5igeYm4Pvycm5FoW/,0,,17,https://grid-angellist.enterprise.slack.com/archives/C0335KUH5AN/p1762983973342469
2025-11-13,08:46 PT,Karan Thapar,Lin & Daughters,https://drd.sh/cart/AsylTjmAVbQPnLtA/,2,fire:2,0,https://grid-angellist.enterprise.slack.com/archives/C0335KUH5AN/p1763052395632469
2025-11-13,09:26 PT,Ann Suh,Unknown,https://drd.sh/cart/WpnC89z4vI26McNa/,0,,1,https://grid-angellist.enterprise.slack.com/archives/C0335KUH5AN/p1763054799212599
2025-11-13,13:38 PT,Nadia Koritareva,Cafe China,https://drd.sh/cart/X9BzNbdHMkptAgfQ/,0,,2,https://grid-angellist.enterprise.slack.com/archives/C0335KUH5AN/p1763069887642589
2025-11-13,13:47 PT,Raj Mehta,Sweetgreen,https://drd.sh/cart/QwovyrIWuLDxX7kn/,1,pray::skin-tone-3:1,1,https://grid-angellist.enterprise.slack.com/archives/C0335KUH5AN/p1763070428398639
2025-11-13,13:55 PT,Jack Plank,Unknown,https://drd.sh/cart/ahrVDz9A7wtc7Rgj/,1,pray:1,7,https://grid-angellist.enterprise.slack.com/archives/C0335KUH5AN/p1763070949500459
2025-11-14,09:02 PT,Nadia Koritareva,Sweetgreen,https://drd.sh/cart/qNEHaOLr7elmHW65/,0,,7,https://grid-angellist.enterprise.slack.com/archives/C0335KUH5AN/p1763139724085039
2025-11-14,09:53 PT,Jeremy Navarro,Unknown,https://drd.sh/cart/pumLxz24TdaT81Fk/,4,phillies-p:4,5,https://grid-angellist.enterprise.slack.com/archives/C0335KUH5AN/p1763142812578629
2025-11-14,13:30 PT,Erica Carlson,Sushi,https://drd.sh/cart/xsyk3mHrvpxLP1aJ/,0,,1,https://grid-angellist.enterprise.slack.com/archives/C0335KUH5AN/p1763155806701869
2025-11-14,13:32 PT,Tina Huang,Fish Cheeks,https://drd.sh/cart/h6nygGRiBkeDuF0X/,0,,1,https://grid-angellist.enterprise.slack.com/archives/C0335KUH5AN/p1763155950449769
2025-11-17,04:36 PT,Steven Chung,Unknown,https://drd.sh/cart/ooXzy9kfl6GtBbR5/,1,pray:1,0,https://grid-angellist.enterprise.slack.com/archives/C0335KUH5AN/p1763382966914489
2025-11-17,06:01 PT,Amy Saks,Unknown,https://drd.sh/cart/LJfzD6zk883inVDg/,0,,0,https://grid-angellist.enterprise.slack.com/archives/C0335KUH5AN/p1763388088804669
2025-11-17,08:20 PT,Jeremy Navarro,Dim Sum,https://drd.sh/cart/3N3I9NUxiJnXHXFS/,0,,0,https://grid-angellist.enterprise.slack.com/archives/C0335KUH5AN/p1763396410556279
2025-11-17,13:49 PT,Tina Huang,1915 Hand Pulled Noodles + Dumplings,https://drd.sh/cart/6c7W5Z9UjbRRfMCs/,0,,4,https://grid-angellist.enterprise.slack.com/archives/C0335KUH5AN/p1763416156817079
2025-11-17,14:10 PT,Matt Bilotti,Blue Mountain,https://drd.sh/cart/BxtGbZtJWik0IKea/,1,extreme-teamwork:1,4,https://grid-angellist.enterprise.slack.com/archives/C0335KUH5AN/p1763417436388879
2025-11-18,08:26 PT,Emma Griffith,Unknown,https://drd.sh/cart/gkvv22nQV283Ak2I/,1,eyes:1,0,https://grid-angellist.enterprise.slack.com/archives/C0335KUH5AN/p1763483182512809
2025-11-18,13:45 PT,Jack Plank,Unknown,https://drd.sh/cart/lUXmsbU4NrJ6Tdvp/,5,fire_on_fire:3 moneybag:2,5,https://grid-angellist.enterprise.slack.com/archives/C0335KUH5AN/p1763502335296269
2025-11-18,14:04 PT,Matt Bilotti,La Dong,https://drd.sh/cart/GdueW2zd8BilysXF/,0,,5,https://grid-angellist.enterprise.slack.com/archives/C0335KUH5AN/p1763503463482839
2025-11-19,08:08 PT,Amy Saks,Unknown,https://drd.sh/cart/cgnYXbkfvDyMdbGC/,0,,3,https://grid-angellist.enterprise.slack.com/archives/C0335KUH5AN/p1763568527327719
2025-11-19,08:53 PT,Catherine Nguyen,Chicken N Rice,https://drd.sh/cart/A50tqPmIhs8PIJB5/,0,,0,https://grid-angellist.enterprise.slack.com/archives/C0335KUH5AN/p1763571188988309
2025-11-19,12:00 PT,Haley Young,Juice,https://drd.sh/cart/ZMpG88obGMdZhJQL/,2,fire:2,0,https://grid-angellist.enterprise.slack.com/archives/C0335KUH5AN/p1763582424282489
2025-11-19,13:32 PT,Cody Maldonado,Unknown,https://drd.sh/cart/ZslhXc9Nhhzy06pW/,0,,3,https://grid-angellist.enterprise.slack.com/archives/C0335KUH5AN/p1763587922105249
2025-11-19,13:38 PT,Dylan Chesney,Fattoush Mediterranean,https://drd.sh/cart/74AV7bgOLzk6Todz/,0,,1,https://grid-angellist.enterprise.slack.com/archives/C0335KUH5AN/p1763588285652469
2025-11-20,09:05 PT,Catherine Nguyen,Nami Nori,https://drd.sh/cart/GCBOuLTLJW0VcV9K/,0,,2,https://grid-angellist.enterprise.slack.com/archives/C0335KUH5AN/p1763658327799609
2025-11-20,13:52 PT,Jack Plank,Unknown,https://drd.sh/cart/soUgaiqPyyE3vCtM/,1,fuelpump:1,0,https://grid-angellist.enterprise.slack.com/archives/C0335KUH5AN/p1763675574821639
2025-11-20,13:58 PT,Catherine Nguyen,Unknown,https://drd.sh/cart/d9nxTMP4GnNXyxcb/,1,jeremy-lying-dead:1,1,https://grid-angellist.enterprise.slack.com/archives/C0335KUH5AN/p1763675897026979
2025-11-21,08:23 PT,Cody Maldonado,Brown Bag,https://drd.sh/cart/9CXVPZEhQhCYAUyt/,0,,1,https://grid-angellist.enterprise.slack.com/archives/C0335KUH5AN/p1763742186723359
2025-11-21,09:07 PT,Nadia Koritareva,Burrito,https://drd.sh/cart/P7oYatZoETLLqMCB/,0,,0,https://grid-angellist.enterprise.slack.com/archives/C0335KUH5AN/p1763744827477769
2025-11-21,13:15 PT,Matt Bilotti,Nami Nori,https://drd.sh/cart/0t0OviCGQEvtxHX7/,0,,0,https://grid-angellist.enterprise.slack.com/archives/C0335KUH5AN/p1763759756268249
2025-11-24,08:49 PT,Manav Mehta,Sweetgreen,https://drd.sh/cart/ZhiVZealtjDfdxBm/,2,raised_hands:1 +1:1,3,https://grid-angellist.enterprise.slack.com/archives/C0335KUH5AN/p1764002964000899
2025-11-24,13:34 PT,Jeremy Navarro,Unknown,https://drd.sh/cart/xAxSroHhp4WsbIk8/,0,,0,https://grid-angellist.enterprise.slack.com/archives/C0335KUH5AN/p1764020062494069
2025-11-24,13:48 PT,Jonah Lecker,Sushi 295 Mercer,https://drd.sh/cart/F4GnA5ArKSIncABV/,0,,0,https://grid-angellist.enterprise.slack.com/archives/C0335KUH5AN/p1764020938263939
2025-11-25,08:06 PT,Tina Huang,Gramercy Kitchen,https://drd.sh/cart/Gy719C3NLQ5CaukW/,1,white_check_mark:1,0,https://grid-angellist.enterprise.slack.com/archives/C0335KUH5AN/p1764086809064549
2025-11-25,08:32 PT,Erica Carlson,Sushi,https://drd.sh/cart/e8Cy6G6XZpwFTUmf/,3,sparkling_heart:2 crown:1,3,https://grid-angellist.enterprise.slack.com/archives/C0335KUH5AN/p1764088345408729
2025-11-25,13:44 PT,Dylan Chesney,Pranakohn Thai,https://drd.sh/cart/tnesOkvswOpc9owN/,2,pray::skin-tone-3:1 pray:1,0,https://grid-angellist.enterprise.slack.com/archives/C0335KUH5AN/p1764107063046369
2025-11-25,13:46 PT,Cody Maldonado,Sathi,https://drd.sh/cart/00H64QzHehw2V9tp/,0,,0,https://grid-angellist.enterprise.slack.com/archives/C0335KUH5AN/p1764107176172029
2025-11-25,15:00 PT,Tina Huang,Unknown,https://drd.sh/cart/Gy719C3NLQ5CaukW/,1,fire:1,0,https://grid-angellist.enterprise.slack.com/archives/C0335KUH5AN/p1764111600734879
2025-11-26,04:30 PT,NYC Breakfast,Gramercy Kitchen,https://drd.sh/cart/Gy719C3NLQ5CaukW/,0,,0,https://grid-angellist.enterprise.slack.com/archives/C0335KUH5AN/p1764160242932909
2025-11-26,05:00 PT,Tina Huang,Unknown,https://drd.sh/cart/Gy719C3NLQ5CaukW/,1,fire:1,0,https://grid-angellist.enterprise.slack.com/archives/C0335KUH5AN/p1764162006163449
2025-11-26,09:12 PT,Manav Mehta,La Dong,https://drd.sh/cart/9hliUPVNIB8qogPh/,0,,6,https://grid-angellist.enterprise.slack.com/archives/C0335KUH5AN/p1764177169694989
2025-12-01,08:09 PT,Cody Maldonado,Unknown,https://drd.sh/cart/bvcMUXucJa3NVyXJ/,1,ty:1,0,https://grid-angellist.enterprise.slack.com/archives/C0335KUH5AN/p1764605351191389
2025-12-01,13:41 PT,Madison Friedman,Westville,https://drd.sh/cart/L8j7Jqx3kHa33QiS/,1,thank-you-bubble:1,0,https://grid-angellist.enterprise.slack.com/archives/C0335KUH5AN/p1764625286598729
2025-12-01,13:53 PT,Sarah Zheng,Korean,https://drd.sh/cart/GFQt8tmWBsKmwoWL/,2,smiling_face_with_tear:1 pensive:1,0,https://grid-angellist.enterprise.slack.com/archives/C0335KUH5AN/p1764626016772059
2025-12-02,08:31 PT,Leia Slosberg,Momo Sushi,https://drd.sh/cart/D6InVffONaChcxdZ/,0,,1,https://grid-angellist.enterprise.slack.com/archives/C0335KUH5AN/p1764693109044719
2025-12-02,08:35 PT,Catherine Nguyen,Sweetgreen,https://drd.sh/cart/pjGburbn3btaiHJC/,1,sweat_smile:1,0,https://grid-angellist.enterprise.slack.com/archives/C0335KUH5AN/p1764693318339369
2025-12-02,11:54 PT,Tina Huang,Boba,https://drd.sh/cart/GpR54LcIr2eQ8Ri6/,2,boba-fett:1 sob:1,0,https://grid-angellist.enterprise.slack.com/archives/C0335KUH5AN/p1764705273024849
2025-12-02,13:12 PT,Erica Carlson,Sushilicious,https://drd.sh/cart/hKQZPQnPqOrzCJ0H/,0,,0,https://grid-angellist.enterprise.slack.com/archives/C0335KUH5AN/p1764709968496859
2025-12-02,13:25 PT,Cody Maldonado,Unknown,https://drd.sh/cart/nUZwDoAB1oU1Mmqw/,3,blob-aww:1 frog-fight:1 fire:1,0,https://grid-angellist.enterprise.slack.com/archives/C0335KUH5AN/p1764710710989209
2025-12-02,14:23 PT,Ann Suh,Unknown,https://www.doordash.com/cart/c1ec69a2-c96e-4b68-a5f7-8a6718281330?openGroupCartShare=true,1,ty_thankyou:1,0,https://grid-angellist.enterprise.slack.com/archives/C0335KUH5AN/p1764714189956239
2025-12-03,08:44 PT,Madison Friedman,Pura Vida,https://drd.sh/cart/KycoEPF9BKhDxDch/,1,heart_on_fire:1,0,https://grid-angellist.enterprise.slack.com/archives/C0335KUH5AN/p1764780285248829
2025-12-03,13:41 PT,Catherine Nguyen,Ravagh Persian Gril,https://drd.sh/cart/EWW1DYdDsFPNcI9Y/,0,,15,https://grid-angellist.enterprise.slack.com/archives/C0335KUH5AN/p1764798104530039
2025-12-03,14:14 PT,Cody Maldonado,Unknown,https://drd.sh/cart/BDGmHuu3rtJauyC2/,0,,0,https://grid-angellist.enterprise.slack.com/archives/C0335KUH5AN/p1764800082223789
2025-12-04,08:35 PT,Cody Maldonado,Unknown,https://drd.sh/cart/ilFpmPGaLZMF5lT7/,0,,0,https://grid-angellist.enterprise.slack.com/archives/C0335KUH5AN/p1764866103518659
2025-12-04,09:01 PT,Cody Maldonado,Unknown,https://drd.sh/cart/uOGsdtXNTNDdqmmd/,0,,7,https://grid-angellist.enterprise.slack.com/archives/C0335KUH5AN/p1764867684562309
2025-12-04,11:14 PT,Tina Huang,Boba,https://drd.sh/cart/ZtROmNPRxlVtp7OA/,0,,0,https://grid-angellist.enterprise.slack.com/archives/C0335KUH5AN/p1764875666318619
2025-12-04,13:55 PT,Dylan Chesney,Sushi 295 Mercer,https://drd.sh/cart/UuZn0z9RW1j6Nowg/,2,fire:2,2,https://grid-angellist.enterprise.slack.com/archives/C0335KUH5AN/p1764885327799969
2025-12-04,14:15 PT,Ann Suh,Unknown,https://drd.sh/cart/6RyPcqre2eLBYX7b/,0,,0,https://grid-angellist.enterprise.slack.com/archives/C0335KUH5AN/p1764886527655079
2025-12-05,08:11 PT,Nadia Koritareva,Springbone,https://drd.sh/cart/hTBMLNXC8soIC2jK/,2,eyes:1 white_check_mark:1,2,https://grid-angellist.enterprise.slack.com/archives/C0335KUH5AN/p1764951082152429
2025-12-05,13:17 PT,Amy Saks,Unknown,https://drd.sh/cart/XfuGuTgs6NOaiPrz/,0,,5,https://grid-angellist.enterprise.slack.com/archives/C0335KUH5AN/p1764969421201209
2025-12-05,13:18 PT,Tina Huang,LPB,https://drd.sh/cart/PkOgAhXYd4b0wGvN/,0,,1,https://grid-angellist.enterprise.slack.com/archives/C0335KUH5AN/p1764969483597559
2025-12-08,07:28 PT,Jeremy Navarro,Unknown,https://drd.sh/cart/q4lc3O0irV4CQtyP/,1,white_check_mark:1,0,https://grid-angellist.enterprise.slack.com/archives/C0335KUH5AN/p1765207696287239
2025-12-08,13:07 PT,Raj Mehta,Thai,https://drd.sh/cart/HBLOzKQPInYBzZtc/,2,fomo:2,0,https://grid-angellist.enterprise.slack.com/archives/C0335KUH5AN/p1765228028100299
2025-12-09,08:14 PT,Nora Hafez,Sushi 35 West,https://drd.sh/cart/D9TBDXZD9LNJqi60/,0,,6,https://grid-angellist.enterprise.slack.com/archives/C0335KUH5AN/p1765296857978599
2025-12-09,08:17 PT,Sarah Zheng,Springbone,https://drd.sh/cart/ytUTeJNAZzkgDDoL/,2,raised_hands:1 fomo:1,0,https://grid-angellist.enterprise.slack.com/archives/C0335KUH5AN/p1765297026734619
2025-12-09,09:14 PT,Raj Mehta,PV,https://drd.sh/cart/QfEq1g1swXLtWUwZ/,0,,0,https://grid-angellist.enterprise.slack.com/archives/C0335KUH5AN/p1765300468370159
2025-12-09,13:57 PT,Jeremy Navarro,Squishy Bay,https://drd.sh/cart/FpKhhQO22vmWynUF/,0,,4,https://grid-angellist.enterprise.slack.com/archives/C0335KUH5AN/p1765317448478349
2025-12-09,14:13 PT,Dylan Chesney,L’Artusi,https://drd.sh/cart/Sx2APsmr50SMRMdM/,3,chefs-kiss:1 fieri_chefkiss:1 perfect:1,3,https://grid-angellist.enterprise.slack.com/archives/C0335KUH5AN/p1765318420133429
2025-12-09,14:37 PT,Erica Carlson,Unknown,https://drd.sh/cart/rjhwicoOPU37D8on/,0,,0,https://grid-angellist.enterprise.slack.com/archives/C0335KUH5AN/p1765319853849209
2025-12-10,08:45 PT,Ann Suh,Unknown,https://drd.sh/cart/8AYSILzIB8zEN6hk/,1,pray:1,0,https://grid-angellist.enterprise.slack.com/archives/C0335KUH5AN/p1765385131026399
2025-12-10,09:35 PT,Leia Slosberg,Wville,https://drd.sh/cart/iM7SEprvgtmnfGHo/,0,,0,https://grid-angellist.enterprise.slack.com/archives/C0335KUH5AN/p1765388100621629
2025-12-10,13:31 PT,Ann Suh,Unknown,https://drd.sh/cart/lhCXLlEz5d4VmpdW/,0,,3,https://grid-angellist.enterprise.slack.com/archives/C0335KUH5AN/p1765402266365269
2025-12-10,14:43 PT,Jeremy Navarro,Unknown,https://drd.sh/cart/caGWKS2dlvVkczDn/,1,pizza:1,0,https://grid-angellist.enterprise.slack.com/archives/C0335KUH5AN/p1765406593132579
2025-12-11,09:09 PT,Sarah Zheng,Udon Lab,https://drd.sh/cart/d7514OCFROiHBrqF/,0,,6,https://grid-angellist.enterprise.slack.com/archives/C0335KUH5AN/p1765472987914679
2025-12-11,13:58 PT,Sarah Campbell,Café China,https://drd.sh/cart/eg13VeqbH9aEERuT,0,,1,https://grid-angellist.enterprise.slack.com/archives/C0335KUH5AN/p1765490327229219
2025-12-11,14:18 PT,Matt Bilotti,La Dong,https://drd.sh/cart/zvexNabCDJpOefIm/,0,,17,https://grid-angellist.enterprise.slack.com/archives/C0335KUH5AN/p1765491504921769
2025-12-12,08:53 PT,Jeremy Navarro,Pokedoke,https://drd.sh/cart/WT606w7MJE2UIu7J/,0,,0,https://grid-angellist.enterprise.slack.com/archives/C0335KUH5AN/p1765558383135649
2025-12-12,12:59 PT,Raj Mehta,Unknown,https://drd.sh/cart/xZ9xTX2vvLeUUuiZ/,0,,0,https://grid-angellist.enterprise.slack.com/archives/C0335KUH5AN/p1765573183755609
2025-12-15,05:29 PT,Amy Saks,The Elk,https://drd.sh/cart/S5ib4gDXozgN5JhV/,1,fomo:1,0,https://grid-angellist.enterprise.slack.com/archives/C0335KUH5AN/p1765805344257179
2025-12-15,09:07 PT,Madison Friedman,Cafe Mogaaaa,https://drd.sh/cart/DiN5hJzK3Eqb7TPA/,0,,0,https://grid-angellist.enterprise.slack.com/archives/C0335KUH5AN/p1765818477990529
2025-12-15,09:24 PT,Erica Carlson,Unknown,https://drd.sh/cart/mrVvELcZ7A4nCsmp/,0,,0,https://grid-angellist.enterprise.slack.com/archives/C0335KUH5AN/p1765819498442369
2025-12-15,11:14 PT,Manav Mehta,Counter Service,https://drd.sh/cart/hl5KPYizh5cZKQJC/,0,,0,https://grid-angellist.enterprise.slack.com/archives/C0335KUH5AN/p1765826082133149
2025-12-15,13:38 PT,Sarah Zheng,Korean,https://drd.sh/cart/2yinGbVECu7wRY7P/,1,crying_bun:1,0,https://grid-angellist.enterprise.slack.com/archives/C0335KUH5AN/p1765834696106239
2025-12-15,14:00 PT,Cody Maldonado,Inday,https://drd.sh/cart/cJB4FlsPBPSkWwfB/,0,,0,https://grid-angellist.enterprise.slack.com/archives/C0335KUH5AN/p1765836006114769
2025-12-16,07:58 PT,Nora Hafez,Sushi 35 West,https://drd.sh/cart/afltntZjv62TMfh1/,1,white_check_mark:1,0,https://grid-angellist.enterprise.slack.com/archives/C0335KUH5AN/p1765900689614319
2025-12-16,09:34 PT,Tina Huang,Sweetgreen,https://drd.sh/cart/dk5aWVxivagbJyEA/,1,thankyou:1,0,https://grid-angellist.enterprise.slack.com/archives/C0335KUH5AN/p1765906444702989
2025-12-16,13:45 PT,Raj Mehta,LPB,https://drd.sh/cart/1ezJeLA7d69dTYFD/,1,llama-cry:1,0,https://grid-angellist.enterprise.slack.com/archives/C0335KUH5AN/p1765921533057649
2025-12-16,14:11 PT,Raj Mehta,Wolfnights,https://drd.sh/cart/clJAdtKuNOushydi/,0,,0,https://grid-angellist.enterprise.slack.com/archives/C0335KUH5AN/p1765923104376149
2025-12-16,14:18 PT,Cody Maldonado,Unknown,https://drd.sh/cart/GoIIzdovtAK0x40o/,0,,0,https://grid-angellist.enterprise.slack.com/archives/C0335KUH5AN/p1765923502909229
2025-12-16,14:32 PT,Bisher Anadani,Unknown,https://drd.sh/cart/Rg54G9UV635c2zSR/,0,,0,https://grid-angellist.enterprise.slack.com/archives/C0335KUH5AN/p1765924335626529
2025-12-17,08:17 PT,Manav Mehta,Unknown,https://drd.sh/cart/GlDEW4z3raJLDGxj/,0,,6,https://grid-angellist.enterprise.slack.com/archives/C0335KUH5AN/p1765988232149909
2025-12-17,09:45 PT,Catherine Nguyen,Sweetgreen,https://drd.sh/cart/tkTCXKmQO0HEXdFK/,0,,2,https://grid-angellist.enterprise.slack.com/archives/C0335KUH5AN/p1765993516075039
2025-12-17,10:37 PT,Raj Mehta,Sweetgreen,https://drd.sh/cart/ZBvXz5meLkcCDwcW/,0,,2,https://grid-angellist.enterprise.slack.com/archives/C0335KUH5AN/p1765996652109019
2025-12-17,13:43 PT,Jack Plank,Sushi,https://drd.sh/cart/sbipy1R4n9jghupA/,1,sushi:1,0,https://grid-angellist.enterprise.slack.com/archives/C0335KUH5AN/p1766007825902959
2025-12-17,13:44 PT,Dylan Chesney,Fish Cheeks,https://drd.sh/cart/eyqatRgRDNQFjwdP/,0,,6,https://grid-angellist.enterprise.slack.com/archives/C0335KUH5AN/p1766007872237039
2025-12-17,15:11 PT,Jeremy Navarro,Unknown,https://drd.sh/cart/86r9uyvvhDAWOTON/,0,,0,https://grid-angellist.enterprise.slack.com/archives/C0335KUH5AN/p1766013101368959
2025-12-18,09:20 PT,Cody Maldonado,Unknown,https://drd.sh/cart/3t5JZ0xQ3q1XjR3d/,1,raised_hands:1,1,https://grid-angellist.enterprise.slack.com/archives/C0335KUH5AN/p1766078402424749
2025-12-18,10:37 PT,Erica Carlson,Salad,https://drd.sh/cart/ZWW2N0PjbDo87XLg/,0,,1,https://grid-angellist.enterprise.slack.com/archives/C0335KUH5AN/p1766083025948089
2025-12-18,11:18 PT,Jack Plank,Unknown,https://drd.sh/cart/tt0s4ZHOgIKNoT2c/,1,heart_hands:1,7,https://grid-angellist.enterprise.slack.com/archives/C0335KUH5AN/p1766085534711589
2025-12-18,13:42 PT,Sarah Zheng,Viet,https://drd.sh/cart/vIYTJqdvisgJhdpD/,1,fire:1,0,https://grid-angellist.enterprise.slack.com/archives/C0335KUH5AN/p1766094121956829
2025-12-18,14:05 PT,Emma Griffith,Thai Villa,https://drd.sh/cart/WQPU2OFClbNJgmRP/,2,hell_yeah_brother:2,1,https://grid-angellist.enterprise.slack.com/archives/C0335KUH5AN/p1766095528171059
2025-12-18,14:41 PT,Jonah Lecker,Lenwich,https://drd.sh/cart/2jmdTky46ScEuXQU/,0,,1,https://grid-angellist.enterprise.slack.com/archives/C0335KUH5AN/p1766097694587909
2025-12-19,08:46 PT,Cody Maldonado,Unknown,https://drd.sh/cart/fFcTpjAEuCdAo2cx/,0,,0,https://grid-angellist.enterprise.slack.com/archives/C0335KUH5AN/p1766162774285549
2025-12-19,11:05 PT,Rachel Sapers,Unknown,https://drd.sh/cart/bbNT1pfNSlcSvumM/,0,,1,https://grid-angellist.enterprise.slack.com/archives/C0335KUH5AN/p1766171150839419
2025-12-19,13:50 PT,Matt Bilotti,La Dong,https://drd.sh/cart/NOvVJxoX2auScHFR/,3,smile:1 gremlin-ohno:2,0,https://grid-angellist.enterprise.slack.com/archives/C0335KUH5AN/p1766181013311449
2025-12-22,09:25 PT,Cody Maldonado,Unknown,https://drd.sh/cart/20HJP7eB5unkbgWH/,1,white_check_mark:1,0,https://grid-angellist.enterprise.slack.com/archives/C0335KUH5AN/p1766424312360999
2025-12-22,11:11 PT,Jeremy Navarro,Soosh,https://drd.sh/cart/8mMtiDcO1vzXrvoN/,2,raising_hand:1 white_check_mark:1,0,https://grid-angellist.enterprise.slack.com/archives/C0335KUH5AN/p1766430680382809
2025-12-22,12:15 PT,Leia Slosberg,Bubble Tea,https://drd.sh/cart/yiYUlnTss2laGoxX/,0,,4,https://grid-angellist.enterprise.slack.com/archives/C0335KUH5AN/p1766434502667859
2025-12-22,13:52 PT,Will Rosean,LPB,https://drd.sh/cart/CHeb4nER9CpkjXTK/,0,,0,https://grid-angellist.enterprise.slack.com/archives/C0335KUH5AN/p1766440376057129
2025-12-22,14:06 PT,Will Rosean,Ichibantei,https://drd.sh/cart/3Hgg8LJuIUVTAAQs/,0,,1,https://grid-angellist.enterprise.slack.com/archives/C0335KUH5AN/p1766441196558599
2025-12-22,14:08 PT,Jonah Lecker,Mikado,https://drd.sh/cart/SmvDUsPXDDxswBYl/,1,+1::skin-tone-3:1,1,https://grid-angellist.enterprise.slack.com/archives/C0335KUH5AN/p1766441292173329
2025-12-23,09:11 PT,Cody Maldonado,Unknown,https://drd.sh/cart/ufpi4O5ZOabNEMeB/,0,,2,https://grid-angellist.enterprise.slack.com/archives/C0335KUH5AN/p1766509876941949
2025-12-23,11:34 PT,Leia Slosberg,Boba,https://drd.sh/cart/4j2U4ECJAeK9WVGF/,0,,0,https://grid-angellist.enterprise.slack.com/archives/C0335KUH5AN/p1766518443099909
2025-12-23,13:37 PT,Matt Bilotti,Thai Villa,https://drd.sh/cart/fU6KH8UF3DoDpAqB/,1,drooling_face:1,2,https://grid-angellist.enterprise.slack.com/archives/C0335KUH5AN/p1766525841464549
2025-12-23,15:17 PT,Emma Griffith,Mikado,https://drd.sh/cart/gXeAuKWIIgFAwdHi/,0,,0,https://grid-angellist.enterprise.slack.com/archives/C0335KUH5AN/p1766531844119099
2025-12-29,07:57 PT,Cody Maldonado,Korean,https://drd.sh/cart/KMo4uh3dlpwnj1Qb/,1,disappointed:1,6,https://grid-angellist.enterprise.slack.com/archives/C0335KUH5AN/p1767023830058799
2025-12-29,12:52 PT,Steven Chung,Boba,https://drd.sh/cart/0eHpxNqZ7A9214oM/,0,,0,https://grid-angellist.enterprise.slack.com/archives/C0335KUH5AN/p1767041561330489
2025-12-29,13:49 PT,Matt Bilotti,Sushi,https://drd.sh/cart/m5NUWkg726ve9tnE/,0,,0,https://grid-angellist.enterprise.slack.com/archives/C0335KUH5AN/p1767044975067229
2025-12-30,06:20 PT,Leia Slosberg,Daily Provisions,https://drd.sh/cart/wZh4ZQxLO81Ar4VF/,1,pray:1,1,https://grid-angellist.enterprise.slack.com/archives/C0335KUH5AN/p1767104431404019
2025-12-30,06:44 PT,Haley Young,Daily Provisions,https://drd.sh/cart/ZMdfaiGAj5ihFjAB/,0,,11,https://grid-angellist.enterprise.slack.com/archives/C0335KUH5AN/p1767105858438179
2025-12-30,08:16 PT,Matt Bilotti,Glaze,https://drd.sh/cart/CvHF6ElQM2iW7NOn/,0,,0,https://grid-angellist.enterprise.slack.com/archives/C0335KUH5AN/p1767111365087459
2025-12-30,08:19 PT,Haley Young,Chicken Rice,https://drd.sh/cart/bhtH9G8FetqF5NsA/,0,,6,https://grid-angellist.enterprise.slack.com/archives/C0335KUH5AN/p1767111569392959
2025-12-30,09:07 PT,Erica Carlson,Sushi,https://drd.sh/cart/QgaOtMdBM85LhO0K/,0,,4,https://grid-angellist.enterprise.slack.com/archives/C0335KUH5AN/p1767114432386929
2025-12-30,13:25 PT,Matt Bilotti,Sushi,https://drd.sh/cart/HCYJ839UelkoFOFp/,0,,0,https://grid-angellist.enterprise.slack.com/archives/C0335KUH5AN/p1767129940853269
2025-12-30,13:34 PT,Leia Slosberg,Unknown,https://drd.sh/cart/ffSr8bn5U6LmXiub/,1,ty_thankyou:1,1,https://grid-angellist.enterprise.slack.com/archives/C0335KUH5AN/p1767130477772119
2025-12-31,06:31 PT,Leia Slosberg,Bagel,https://drd.sh/cart/C4xL6UIyVrVbvMr6/,1,heart_on_fire:1,1,https://grid-angellist.enterprise.slack.com/archives/C0335KUH5AN/p1767191512791609
2025-12-31,08:55 PT,Erica Carlson,Vietnamese,https://drd.sh/cart/VuIBIZrzWpiF4ZT3/,2,raised_hands:2,6,https://grid-angellist.enterprise.slack.com/archives/C0335KUH5AN/p1767200132928789
2025-12-31,11:55 PT,Leia Slosberg,Boba,https://drd.sh/cart/DgKHNpF4l3kkTS0a/,1,raised_hands:1,0,https://grid-angellist.enterprise.slack.com/archives/C0335KUH5AN/p1767210957014909
2025-12-31,14:08 PT,Tina Huang,Unknown,https://drd.sh/cart/22xANSk4qlcKbTvt/,0,,0,https://grid-angellist.enterprise.slack.com/archives/C0335KUH5AN/p1767218935951809
2026-01-02,06:53 PT,Erica Carlson,Unknown,https://drd.sh/cart/zcsUwb16FdtfNsjI/,2,heart_eyes:1 pray:1,0,https://grid-angellist.enterprise.slack.com/archives/C0335KUH5AN/p1767365637534699
2026-01-02,10:21 PT,Erica Carlson,Unknown,https://drd.sh/cart/D2PvX7LUc6R0Crr7/,1,pray:1,5,https://grid-angellist.enterprise.slack.com/archives/C0335KUH5AN/p1767378083289549
2026-01-05,06:46 PT,Erica Carlson,Unknown,https://drd.sh/cart/DQQvYcphQqLKzsL3/,1,ty:1,0,https://grid-angellist.enterprise.slack.com/archives/C0335KUH5AN/p1767624380958449
2026-01-05,08:54 PT,Madison Friedman,Sushi,https://drd.sh/cart/U7Oy8Yfi5lZaAoIf/,0,,1,https://grid-angellist.enterprise.slack.com/archives/C0335KUH5AN/p1767632095261839
2026-01-05,13:30 PT,Jack Plank,Unknown,https://drd.sh/cart/zLGJB3lvvwCmpSkO/,1,ty_thankyou:1,0,https://grid-angellist.enterprise.slack.com/archives/C0335KUH5AN/p1767648628532969
2026-01-05,13:32 PT,Colton Smith,Sushi,https://drd.sh/cart/8hE8avCSqkHyQhcx/,2,fire:2,0,https://grid-angellist.enterprise.slack.com/archives/C0335KUH5AN/p1767648755524879
2026-01-05,13:51 PT,Cody Maldonado,Soothr,https://drd.sh/cart/aAC5a0asoVU7SYQX/,1,smiley:1,0,https://grid-angellist.enterprise.slack.com/archives/C0335KUH5AN/p1767649883333439
2026-01-06,09:06 PT,Amy Saks,Unknown,https://drd.sh/cart/A09vKFXOIkJUySFF/,0,,1,https://grid-angellist.enterprise.slack.com/archives/C0335KUH5AN/p1767719173587049
2026-01-06,13:31 PT,Haley Young,Cn,https://drd.sh/cart/h5IVdncOQ7slSDuq/,0,,7,https://grid-angellist.enterprise.slack.com/archives/C0335KUH5AN/p1767735071154289
2026-01-06,13:44 PT,Jonathan Gans,Unknown,https://drd.sh/cart/iUrJWHdap7dkKEuz/,0,,0,https://grid-angellist.enterprise.slack.com/archives/C0335KUH5AN/p1767735866668179
2026-01-06,13:58 PT,Cody Maldonado,Unknown,https://drd.sh/cart/j3negS2xbMNJVEDj/,0,,0,https://grid-angellist.enterprise.slack.com/archives/C0335KUH5AN/p1767736687224839
2026-01-07,09:02 PT,Karan Thapar,Sushi 295 Mercer,https://drd.sh/cart/BMA9InWANuJ4iqaR/,0,,0,https://grid-angellist.enterprise.slack.com/archives/C0335KUH5AN/p1767805320600039
2026-01-07,13:19 PT,Aidan Kane,Sushi,https://drd.sh/cart/i9hVkzi6egW1AGqF/,0,,4,https://grid-angellist.enterprise.slack.com/archives/C0335KUH5AN/p1767820750309259
2026-01-07,13:42 PT,Jonathan Gans,Cava,https://drd.sh/cart/OnfxNxJMj50EZrcM/,1,green_salad:1,0,https://grid-angellist.enterprise.slack.com/archives/C0335KUH5AN/p1767822179476309
2026-01-07,14:01 PT,Cody Maldonado,Unknown,https://drd.sh/cart/miQUdJ4gdtLjJwxt/,1,fire:1,1,https://grid-angellist.enterprise.slack.com/archives/C0335KUH5AN/p1767823287419269
2026-01-07,15:09 PT,Raj Mehta,Chipotle,https://drd.sh/cart/mt82TBojfxd8QVZD/,0,,0,https://grid-angellist.enterprise.slack.com/archives/C0335KUH5AN/p1767827341254589
2026-01-08,08:58 PT,Cody Maldonado,Unknown,https://drd.sh/cart/izkpMjzXfV6Uizpj/,0,,0,https://grid-angellist.enterprise.slack.com/archives/C0335KUH5AN/p1767891505435759
2026-01-08,10:02 PT,Raj Mehta,Sweetgreen,https://drd.sh/cart/lOkVMIZMQGcOec7x/,0,,0,https://grid-angellist.enterprise.slack.com/archives/C0335KUH5AN/p1767895339642969
2026-01-08,13:52 PT,Sarah Zheng,Raku,https://drd.sh/cart/PjJJfOwTbA0TAfxP/,0,,1,https://grid-angellist.enterprise.slack.com/archives/C0335KUH5AN/p1767909150146539
2026-01-08,13:53 PT,Emma Griffith,Dim Sum Sam,https://drd.sh/cart/DlWPcd7uUMBUiJrp/,0,,4,https://grid-angellist.enterprise.slack.com/archives/C0335KUH5AN/p1767909233661689
2026-01-08,14:45 PT,Cody Maldonado,Unknown,https://drd.sh/cart/iqv966ElwfBFFN10/,0,,2,https://grid-angellist.enterprise.slack.com/archives/C0335KUH5AN/p1767912354259319
2026-01-09,06:50 PT,Dylan Chesney,Daily Provisions,https://drd.sh/cart/tfsIYkskK27wK53L/,2,fried_egg:2,4,https://grid-angellist.enterprise.slack.com/archives/C0335KUH5AN/p1767970213055399
2026-01-09,07:02 PT,Cody Maldonado,Elk,https://drd.sh/cart/beF9NRlODi10BXwQ/,2,heart:2,0,https://grid-angellist.enterprise.slack.com/archives/C0335KUH5AN/p1767970967376039
2026-01-09,09:26 PT,Cody Maldonado,Chicken,https://drd.sh/cart/K4NnPhPoGqbpvmHZ/,0,,3,https://grid-angellist.enterprise.slack.com/archives/C0335KUH5AN/p1767979579033859
2026-01-09,13:50 PT,Jeremy Navarro,Ilili,https://drd.sh/cart/dy3v8IKVShnH371r/,7,sob:7,0,https://grid-angellist.enterprise.slack.com/archives/C0335KUH5AN/p1767995438506929
2026-01-09,13:50 PT,Sarah Zheng,Unknown,https://drd.sh/cart/oLnVDlfqcuTSclVH/,11,sob:11,1,https://grid-angellist.enterprise.slack.com/archives/C0335KUH5AN/p1767995442680309
2026-01-12,05:42 PT,Erica Carlson,Unknown,https://drd.sh/cart/K6fkSzYemvC6Yc2B/,1,+1:1,0,https://grid-angellist.enterprise.slack.com/archives/C0335KUH5AN/p1768225335698549
2026-01-12,08:25 PT,Jeremy Navarro,Summer Rolls,https://drd.sh/cart/aqElYFExQRZCKugn/,0,,5,https://grid-angellist.enterprise.slack.com/archives/C0335KUH5AN/p1768235121970309
2026-01-12,13:47 PT,Sarah Zheng,Sushi,https://drd.sh/cart/0a14K4GGgzB0eEOi/,0,,0,https://grid-angellist.enterprise.slack.com/archives/C0335KUH5AN/p1768254444321379
2026-01-13,08:08 PT,Nora Hafez,Sushi 35 West,https://drd.sh/cart/pTGeV1T7xqC0UdNX/,3,heart:3,0,https://grid-angellist.enterprise.slack.com/archives/C0335KUH5AN/p1768320532144909
2026-01-13,09:17 PT,Amy Saks,Unknown,https://drd.sh/cart/96HDCTMDitOA37MI/,1,pray::skin-tone-2:1,0,https://grid-angellist.enterprise.slack.com/archives/C0335KUH5AN/p1768324634633189
2026-01-13,14:05 PT,Nadia Koritareva,Pranakhon Thai,https://drd.sh/cart/YhxHhKb7XsgUbRD5/,0,,6,https://grid-angellist.enterprise.slack.com/archives/C0335KUH5AN/p1768341940217829
2026-01-13,14:11 PT,Haley Young,Lou Yau Kee,https://drd.sh/cart/icIKjD5QZXxoyV6o/,0,,0,https://grid-angellist.enterprise.slack.com/archives/C0335KUH5AN/p1768342272822899
2026-01-14,08:17 PT,Leia Slosberg,Avo,https://drd.sh/cart/JHrKQKuxCQs3UMBB/,1,raised_hands:1,0,https://grid-angellist.enterprise.slack.com/archives/C0335KUH5AN/p1768407439332149
2026-01-14,09:04 PT,Ethan Braren,Sushi 295 Mercer,https://drd.sh/cart/6DgIjgdnFq8ugtH1/,1,pray:1,6,https://grid-angellist.enterprise.slack.com/archives/C0335KUH5AN/p1768410278230999
2026-01-14,10:45 PT,Tina Huang,Boba,https://drd.sh/cart/zOccaOAcWQgO4q5m/,2,fire_on_fire:2,0,https://grid-angellist.enterprise.slack.com/archives/C0335KUH5AN/p1768416341634349
2026-01-14,13:31 PT,Erica Carlson,Sarsar,https://drd.sh/cart/Nx0g8QRoIZTyqZ6A/,1,heart:1,1,https://grid-angellist.enterprise.slack.com/archives/C0335KUH5AN/p1768426285028409
2026-01-14,13:36 PT,Dylan Chesney,Fattoush,https://drd.sh/cart/SacveRjVv7iJqC3D/,1,frog-fight:1,0,https://grid-angellist.enterprise.slack.com/archives/C0335KUH5AN/p1768426576266829
2026-01-14,14:28 PT,Jeremy Navarro,Unknown,https://drd.sh/cart/axiNn1wQs6uGcmQf/,0,,0,https://grid-angellist.enterprise.slack.com/archives/C0335KUH5AN/p1768429721165909
2026-01-14,14:58 PT,Jonathan Gans,Sweetgreen,https://drd.sh/cart/pn5civEVhyHyfPuO/,3,crying_bun:3,0,https://grid-angellist.enterprise.slack.com/archives/C0335KUH5AN/p1768431515441429
2026-01-15,08:05 PT,Emma Griffith,Happy,https://drd.sh/cart/Oe4FlW3myKNCJInl/,3,cowboy-fish:3,13,https://grid-angellist.enterprise.slack.com/archives/C0335KUH5AN/p1768493126215779
2026-01-15,09:15 PT,Nadia Koritareva,SomBo,https://drd.sh/cart/WconFdGYgOb06d2l/,0,,5,https://grid-angellist.enterprise.slack.com/archives/C0335KUH5AN/p1768497316473259
2026-01-15,11:22 PT,Leia Slosberg,Boba,https://drd.sh/cart/lI1wvcy0C0XvMqrB/,0,,3,https://grid-angellist.enterprise.slack.com/archives/C0335KUH5AN/p1768504964693739
2026-01-15,13:57 PT,Tina Huang,La Dong,https://drd.sh/cart/bNAAO2fobgRe1KXS/,0,,0,https://grid-angellist.enterprise.slack.com/archives/C0335KUH5AN/p1768514272084589
2026-01-15,14:08 PT,Amy Saks,Unknown,https://drd.sh/cart/BBY5yOpUuSwrlN5V/,0,,0,https://grid-angellist.enterprise.slack.com/archives/C0335KUH5AN/p1768514925313529
2026-01-16,05:43 PT,Dylan Chesney,Best Damn Breakfast Burrito,https://drd.sh/cart/EnWYNBYKdIwK7Cek/,0,,0,https://grid-angellist.enterprise.slack.com/archives/C0335KUH5AN/p1768571010563199
2026-01-16,06:28 PT,Elisa DiMauro,Gregory's Coffee,https://drd.sh/cart/ZIPGwtPxxA6oizYy/,3,fire:2 white_check_mark:1,3,https://grid-angellist.enterprise.slack.com/archives/C0335KUH5AN/p1768573722196309
2026-01-16,09:42 PT,Cody Maldonado,Sushi,https://drd.sh/cart/2cIdlCxVyULvaMVS/,0,,0,https://grid-angellist.enterprise.slack.com/archives/C0335KUH5AN/p1768585342407259
2026-01-16,11:40 PT,Tina Huang,Molly Tea,https://drd.sh/cart/0kuNSgiInnDonh7Z/,1,heartpulse:1,4,https://grid-angellist.enterprise.slack.com/archives/C0335KUH5AN/p1768592417619439
2026-01-16,13:17 PT,Cody Maldonado,Raku,https://drd.sh/cart/zRYF7JuS9mHhC9B8/,0,,4,https://grid-angellist.enterprise.slack.com/archives/C0335KUH5AN/p1768598276438029
2026-01-16,13:47 PT,Rey Davila,Thai Villa,https://drd.sh/cart/WtzIkuvQEXIsl4fi/,2,pray::skin-tone-3:1 white_check_mark:1,0,https://grid-angellist.enterprise.slack.com/archives/C0335KUH5AN/p1768600045940809
2026-01-20,07:29 PT,Tina Huang,Springbone,https://drd.sh/cart/g1NxgejKhqAYk2on/,0,,1,https://grid-angellist.enterprise.slack.com/archives/C0335KUH5AN/p1768922945722169
2026-01-20,08:44 PT,Cody Maldonado,Unknown,https://drd.sh/cart/C9AIPG7mlTvHAUND/,0,,5,https://grid-angellist.enterprise.slack.com/archives/C0335KUH5AN/p1768927467346409
2026-01-20,09:30 PT,Jeremy Navarro,Chipotle,https://drd.sh/cart/5pcVLg3QCkRRrWGJ/,1,white_check_mark:1,0,https://grid-angellist.enterprise.slack.com/archives/C0335KUH5AN/p1768930243419569
2026-01-20,13:47 PT,Jack Plank,Flag Th,https://drd.sh/cart/X1YSk0AjDtqOA6CQ/,1,white_check_mark:1,0,https://grid-angellist.enterprise.slack.com/archives/C0335KUH5AN/p1768945664956939
2026-01-20,14:50 PT,Haley Young,Avo,https://drd.sh/cart/05h9l7RDliwYvmGr/,1,raised_hands:1,0,https://grid-angellist.enterprise.slack.com/archives/C0335KUH5AN/p1768949414977419
2026-01-21,08:33 PT,Madison Friedman,Counter Service,https://drd.sh/cart/IKoPiF7JzRsYiUVz/,0,,0,https://grid-angellist.enterprise.slack.com/archives/C0335KUH5AN/p1769013221994589
2026-01-21,08:43 PT,Catherine Nguyen,Sushi 35,https://drd.sh/cart/77wI01aJgo6pSzbo/,4,raised_hands:1 raised_hands::skin-tone-3:1 cat-nguyen:2,18,https://grid-angellist.enterprise.slack.com/archives/C0335KUH5AN/p1769013791159609
2026-01-21,13:56 PT,Will Rosean,Soosh,https://drd.sh/cart/1L2BhqsInRnJxVxC/,1,white_check_mark:1,0,https://grid-angellist.enterprise.slack.com/archives/C0335KUH5AN/p1769032561566909
2026-01-21,14:31 PT,Ann Suh,Unknown,https://drd.sh/cart/MuTLVVBtX7SY4aqW/,0,,5,https://grid-angellist.enterprise.slack.com/archives/C0335KUH5AN/p1769034700542369
2026-01-21,14:33 PT,Jonathan Gans,Sweetgreen,https://drd.sh/cart/0qFI1WVNrNAmumDc/,2,eyes:2,0,https://grid-angellist.enterprise.slack.com/archives/C0335KUH5AN/p1769034782932559
2026-01-22,08:30 PT,Amy Saks,Unknown,https://drd.sh/cart/zePxxkvHBug2kUsl/,0,,0,https://grid-angellist.enterprise.slack.com/archives/C0335KUH5AN/p1769099442165059
2026-01-22,09:43 PT,Josh Goldberg,Tompkins Square Bagels,https://drd.sh/cart/j2uZCsUTrrXJF5Db/,1,pray:1,2,https://grid-angellist.enterprise.slack.com/archives/C0335KUH5AN/p1769103804509469
2026-01-22,12:47 PT,Leia Slosberg,Boba,https://drd.sh/cart/uek33N3M0i2IM473/,2,raised_hands:2,0,https://grid-angellist.enterprise.slack.com/archives/C0335KUH5AN/p1769114851451739
2026-01-22,13:51 PT,Nadia Koritareva,Dim Sum Sam,https://drd.sh/cart/sgjNY2QO9Mhfmzds/,2,fire:2,5,https://grid-angellist.enterprise.slack.com/archives/C0335KUH5AN/p1769118700224909
2026-01-23,08:32 PT,Madison Friedman,Cafe Moga,https://drd.sh/cart/0o1EaqhI4AprC0yQ/,1,crown:1,3,https://grid-angellist.enterprise.slack.com/archives/C0335KUH5AN/p1769185949330339
2026-01-23,14:46 PT,Will Rosean,Ichibantei,https://drd.sh/cart/sh6NDYLxO9kWSSlZ/,1,white_check_mark:1,0,https://grid-angellist.enterprise.slack.com/archives/C0335KUH5AN/p1769208402976499
2026-01-26,08:05 PT,Erica Carlson,Sushi,https://drd.sh/cart/SpdpMaNDu25YoH6T/,4,fire:4,0,https://grid-angellist.enterprise.slack.com/archives/C0335KUH5AN/p1769443500975959
2026-01-26,13:40 PT,Matt Bilotti,Thai Villa,https://drd.sh/cart/9rukuBR4JW8xFVf3/,3,pray:3,0,https://grid-angellist.enterprise.slack.com/archives/C0335KUH5AN/p1769463632544239
2026-01-27,08:26 PT,Cody Maldonado,Unknown,https://drd.sh/cart/hV3mDpNkPIy2mnkk/,0,,0,https://grid-angellist.enterprise.slack.com/archives/C0335KUH5AN/p1769531172960949
2026-01-27,08:53 PT,Catherine Nguyen,Sweetgreen,https://drd.sh/cart/Z9EfmbfBmnwRshRa/,1,raised_hands::skin-tone-2:1,6,https://grid-angellist.enterprise.slack.com/archives/C0335KUH5AN/p1769532811876749
2026-01-27,09:24 PT,Bisher Anadani,Som Bo,https://drd.sh/cart/vNs4a4lV0urz5cGq/,2,eyes:1 pray:1,4,https://grid-angellist.enterprise.slack.com/archives/C0335KUH5AN/p1769534643313819
2026-01-27,11:00 PT,Catherine Nguyen,Xing Fu Tang,https://drd.sh/cart/JGGNnqCmvb9nOxMA/,2,pray:2,3,https://grid-angellist.enterprise.slack.com/archives/C0335KUH5AN/p1769540449267699
2026-01-27,11:45 PT,Nora Hafez,Springbone,https://drd.sh/cart/4jASWo8qvNmoggOf/,3,cockroach:3,0,https://grid-angellist.enterprise.slack.com/archives/C0335KUH5AN/p1769543112542349
2026-01-27,13:44 PT,Will Rosean,Lean And Mean,https://drd.sh/cart/GljodrLEtZ7w30R2/,4,triumph:1 volleyball:1 blessed:1 white_check_mark:1,0,https://grid-angellist.enterprise.slack.com/archives/C0335KUH5AN/p1769550246049299
2026-01-27,13:57 PT,Matt Bilotti,La Dong,https://drd.sh/cart/HdsFhcbOb2O1pXed/,4,+1::skin-tone-3:1 white_check_mark:2 fomo:1,0,https://grid-angellist.enterprise.slack.com/archives/C0335KUH5AN/p1769551071571129
2026-01-27,14:46 PT,Jonah Lecker,Oishibay,https://drd.sh/cart/wuosp8NOR3vCyzcT/,0,,4,https://grid-angellist.enterprise.slack.com/archives/C0335KUH5AN/p1769553985679049
2026-01-28,08:51 PT,Cody Maldonado,35 West,https://drd.sh/cart/eugDrMsgOVfSJovW/,0,,7,https://grid-angellist.enterprise.slack.com/archives/C0335KUH5AN/p1769619096130169
2026-01-28,09:18 PT,Erica Carlson,Unknown,https://drd.sh/cart/SJjLpCF2nxLTnbQa/,1,ty_thankyou:1,0,https://grid-angellist.enterprise.slack.com/archives/C0335KUH5AN/p1769620681316879
2026-01-28,13:47 PT,Jack Plank,Cut Of Meat,https://drd.sh/cart/sTvyEqoTuCYUenGM/,0,,0,https://grid-angellist.enterprise.slack.com/archives/C0335KUH5AN/p1769636821003309
2026-01-28,13:50 PT,Dylan Chesney,Dim Sum Sam,https://drd.sh/cart/RlD2iN6QtqiCfRBr/,0,,4,https://grid-angellist.enterprise.slack.com/archives/C0335KUH5AN/p1769637015675009
2026-01-28,14:36 PT,Jonah Lecker,Vietnamese,https://drd.sh/cart/umEDxqDcimA8IGAs/,1,raised_hands:1,1,https://grid-angellist.enterprise.slack.com/archives/C0335KUH5AN/p1769639767401009
2026-01-29,08:40 PT,Dylan Chesney,Mamouns Falafel,https://drd.sh/cart/S6fCdqTwirA4yAHX/,0,,2,https://grid-angellist.enterprise.slack.com/archives/C0335KUH5AN/p1769704821821109
2026-01-29,09:04 PT,Nadia Koritareva,Sweetgreen,https://drd.sh/cart/ECodcxHm62DiPtXz/,0,,0,https://grid-angellist.enterprise.slack.com/archives/C0335KUH5AN/p1769706263767389
2026-01-29,11:09 PT,Ethan Braren,Molly Tea,https://drd.sh/cart/hKIqb7gRyNdwHYI6/,1,fomo:1,4,https://grid-angellist.enterprise.slack.com/archives/C0335KUH5AN/p1769713778264989
2026-01-29,13:52 PT,Leia Slosberg,Parm,https://drd.sh/cart/6Dk94UKBTiPamc3T/,0,,0,https://grid-angellist.enterprise.slack.com/archives/C0335KUH5AN/p1769723563457329
2026-01-29,13:54 PT,Matt Bilotti,Fish Cheeks,https://drd.sh/cart/VJELaJSQnmjjBueA/,0,,25,https://grid-angellist.enterprise.slack.com/archives/C0335KUH5AN/p1769723642134279
2026-01-30,08:12 PT,Jack Plank,Unknown,https://drd.sh/cart/V6Gh483n0bnIL2op/,0,,0,https://grid-angellist.enterprise.slack.com/archives/C0335KUH5AN/p1769789572021189
2026-01-30,08:18 PT,Matt Bilotti,Sushi,https://drd.sh/cart/B1KEYgAia3stiotu/,1,white_check_mark:1,3,https://grid-angellist.enterprise.slack.com/archives/C0335KUH5AN/p1769789894694319
2026-01-30,09:04 PT,Sarah Zheng,Viet Coffee,https://drd.sh/cart/yZ8XQzdvCI8I4Dwp/,0,,0,https://grid-angellist.enterprise.slack.com/archives/C0335KUH5AN/p1769792682432309
2026-01-30,13:34 PT,Dylan Chesney,Ilili,https://drd.sh/cart/kZBgKFKHTfcIV6s6/,0,,0,https://grid-angellist.enterprise.slack.com/archives/C0335KUH5AN/p1769808872479979
2026-01-30,14:07 PT,Tina Huang,Noods,https://drd.sh/cart/zifMqXrXsr56DLcQ/,0,,0,https://grid-angellist.enterprise.slack.com/archives/C0335KUH5AN/p1769810860506489
2026-01-30,14:12 PT,Matt Bilotti,Ramen,https://drd.sh/cart/fgmNRRnAg9QZ5Znf/,0,,0,https://grid-angellist.enterprise.slack.com/archives/C0335KUH5AN/p1769811147592099
2026-02-02,06:31 PT,Amy Saks,Unknown,https://drd.sh/cart/tbfCEEhBDItkyJ2X/,1,100:1,3,https://grid-angellist.enterprise.slack.com/archives/C0335KUH5AN/p1770042671786289
2026-02-02,06:39 PT,Madison Friedman,Elk,https://drd.sh/cart/yXaHIWsxVrHeBhz1/,0,,0,https://grid-angellist.enterprise.slack.com/archives/C0335KUH5AN/p1770043142856239
2026-02-02,08:41 PT,Jeremy Navarro,Soosh 35 West,https://drd.sh/cart/BL0hf8no4cVBujbj/,0,,1,https://grid-angellist.enterprise.slack.com/archives/C0335KUH5AN/p1770050511911149
2026-02-02,11:32 PT,Sarah Zheng,Molly Tea,https://drd.sh/cart/Lha2MKU64GlpnTu4/,0,,3,https://grid-angellist.enterprise.slack.com/archives/C0335KUH5AN/p1770060740132859
2026-02-02,13:45 PT,Jack Plank,Unknown,https://drd.sh/cart/SyMb297qX12YKELY/,0,,0,https://grid-angellist.enterprise.slack.com/archives/C0335KUH5AN/p1770068712443009
2026-02-03,08:25 PT,Ann Suh,Chick-fil-A,https://drd.sh/cart/TBRVzX8cwDK8xHc9/,4,open_mouth:3 chicken_nuggets:1,1,https://grid-angellist.enterprise.slack.com/archives/C0335KUH5AN/p1770135940812879
2026-02-03,08:54 PT,Ethan Braren,Sweetgreen,https://drd.sh/cart/9dtFUSRzGbjtCpt0/,0,,3,https://grid-angellist.enterprise.slack.com/archives/C0335KUH5AN/p1770137647637559
2026-02-03,09:09 PT,Jonah Lecker,Koba Korean,https://drd.sh/cart/U8s5lqz7JwCKHwqS/,0,,5,https://grid-angellist.enterprise.slack.com/archives/C0335KUH5AN/p1770138543595029
2026-02-03,11:48 PT,Leia Slosberg,Jooy Tea,https://drd.sh/cart/NMuZdlRnwEe8kYQw/,0,,1,https://grid-angellist.enterprise.slack.com/archives/C0335KUH5AN/p1770148082162969
2026-02-03,13:53 PT,Aidan Kane,Greek,https://drd.sh/cart/Wptr3fDmhCnilMV9/,0,,0,https://grid-angellist.enterprise.slack.com/archives/C0335KUH5AN/p1770155620633859
2026-02-03,14:00 PT,Cody Maldonado,Thai Villa,https://drd.sh/cart/5Pg3EcuXJYRunwdM/,2,raised_hands:1 joy:1,2,https://grid-angellist.enterprise.slack.com/archives/C0335KUH5AN/p1770156034242089
2026-02-03,14:01 PT,Amy Saks,Chipotle,https://drd.sh/cart/7ZqdIOBX9Xk1Zrwh/,0,,2,https://grid-angellist.enterprise.slack.com/archives/C0335KUH5AN/p1770156094704249
2026-02-03,14:26 PT,Ann Suh,Korean,https://drd.sh/cart/rwErxgsSckMaUTAx/,0,,0,https://grid-angellist.enterprise.slack.com/archives/C0335KUH5AN/p1770157578502799
2026-02-04,09:40 PT,Catherine Nguyen,Sweetgreen,https://drd.sh/cart/NZyfUAqjcNSINhbE/,1,eyes:1,0,https://grid-angellist.enterprise.slack.com/archives/C0335KUH5AN/p1770226828665029
2026-02-04,09:56 PT,Emma Griffith,Sweetgreen,https://drd.sh/cart/wQbrlVeW8TiBSOZh/,0,,0,https://grid-angellist.enterprise.slack.com/archives/C0335KUH5AN/p1770227806331229
2026-02-04,13:42 PT,Matt Bilotti,Thai Diner,https://drd.sh/cart/OXSt83NTzXQ1pOlW/,0,,16,https://grid-angellist.enterprise.slack.com/archives/C0335KUH5AN/p1770241329065419
2026-02-04,14:11 PT,Tina Huang,Dim Sum Sam,https://drd.sh/cart/hqPWRfjJcdasL25C/,0,,9,https://grid-angellist.enterprise.slack.com/archives/C0335KUH5AN/p1770243110765989
2026-02-04,14:13 PT,Jonathan Gans,Avo,https://drd.sh/cart/zLb67MIFHgAMA96o/,1,pray:1,0,https://grid-angellist.enterprise.slack.com/archives/C0335KUH5AN/p1770243190166889
2026-02-05,08:48 PT,Leia Slosberg,Chipotle,https://drd.sh/cart/0gYP2qkJ83fQc2ZU/,0,,0,https://grid-angellist.enterprise.slack.com/archives/C0335KUH5AN/p1770310109595239
2026-02-05,08:50 PT,Manav Mehta,La Dong,https://drd.sh/cart/vFs6Rh5WHjkL9JIx/,0,,0,https://grid-angellist.enterprise.slack.com/archives/C0335KUH5AN/p1770310200449259
2026-02-05,11:09 PT,Tina Huang,Jooy,https://drd.sh/cart/Mc3K4UltdUBkClaz/,0,,0,https://grid-angellist.enterprise.slack.com/archives/C0335KUH5AN/p1770318582235529
2026-02-05,14:36 PT,Steven Chung,Ichiran,https://drd.sh/cart/A0SKqYVhiLXGEEsb/,0,,0,https://grid-angellist.enterprise.slack.com/archives/C0335KUH5AN/p1770331013863409
2026-02-06,08:19 PT,Lavina Kalwani,35 West,https://drd.sh/cart/vrUEJaoybu39Iwkm/,0,,4,https://grid-angellist.enterprise.slack.com/archives/C0335KUH5AN/p1770394747949339
2026-02-06,08:33 PT,Madison Friedman,35 West,https://drd.sh/cart/IPVGC4hUa2jDV0tK/,1,white_check_mark:1,0,https://grid-angellist.enterprise.slack.com/archives/C0335KUH5AN/p1770395599173429
2026-02-06,13:24 PT,Tina Huang,Unknown,https://drd.sh/cart/uZ1TFiRZN0eWlSLk/,0,,2,https://grid-angellist.enterprise.slack.com/archives/C0335KUH5AN/p1770413077824889
2026-02-09,06:52 PT,Manav Mehta,The Elk,https://drd.sh/cart/91XqCAuXEEYZjCS9/,0,,0,https://grid-angellist.enterprise.slack.com/archives/C0335KUH5AN/p1770648723797359
2026-02-09,09:21 PT,Amy Saks,Unknown,https://drd.sh/cart/teYVul5ZONjom6Wn/,0,,0,https://grid-angellist.enterprise.slack.com/archives/C0335KUH5AN/p1770657698113639
2026-02-09,14:20 PT,Cody Maldonado,Unknown,https://drd.sh/cart/foOA34o8GIbs3Wbs/,0,,11,https://grid-angellist.enterprise.slack.com/archives/C0335KUH5AN/p1770675609984119
2026-02-10,08:41 PT,Madison Friedman,Westville,https://drd.sh/cart/aff2cxttuXkG0e1K/,0,,0,https://grid-angellist.enterprise.slack.com/archives/C0335KUH5AN/p1770741711137189
2026-02-10,14:01 PT,Dylan Chesney,Cafe China,https://drd.sh/cart/lSBlgYefV3XNT1eQ/,0,,5,https://grid-angellist.enterprise.slack.com/archives/C0335KUH5AN/p1770760900478919
2026-02-10,14:11 PT,Matt Bilotti,La Dong,https://drd.sh/cart/jJb6rEDAabcYhhpx/,0,,2,https://grid-angellist.enterprise.slack.com/archives/C0335KUH5AN/p1770761505573419
2026-02-10,14:14 PT,Bisher Anadani,Au Zaatar,https://drd.sh/cart/IbYUtiDNTriE7fZy/,0,,0,https://grid-angellist.enterprise.slack.com/archives/C0335KUH5AN/p1770761685499229
2026-02-11,08:45 PT,Jonah Lecker,Sushi,https://drd.sh/cart/WVo8AGlp1jliiqNt/,1,crown:1,7,https://grid-angellist.enterprise.slack.com/archives/C0335KUH5AN/p1770828319458009
2026-02-11,09:12 PT,Dylan Chesney,Maya Taqueria,https://www.doordash.com/store/maya-taqueria-new-york-24807364/50410553/?cursor=eyJzZWFyY2hfaXRlbV9jYXJvdXNlbF9jdXJzb3IiOnsicXVlcnkiOiJtZXhpY2FuIiwiaXRlbV9pZHMiOlsyMjg0MDUwMDY5NSwyMjg0MDUwMTY3Nl0sInNlYXJjaF90ZXJtIjoibWV4aWNhbiIsInZlcnRpY2FsX2lkIjotOTk5LCJ2ZXJ0aWNhbF9uYW1lIjoiYWxsIiwicXVlcnlfaW50ZW50IjoiRk9PRF9DVUlTSU5FIn0sInN0b3JlX3ByaW1hcnlfdmVydGljYWxfaWRzIjpbMSwxMTAwNDUsNCwxMDAzMzMsMTEwMDEzLDE3NSwxNzcsMTkzLDE5NV19&pickup=false,0,,2,https://grid-angellist.enterprise.slack.com/archives/C0335KUH5AN/p1770829934530129
2026-02-11,09:26 PT,Dylan Chesney,May Taqueria,https://drd.sh/cart/wZlT1sCqxfJd7hHn/,0,,0,https://grid-angellist.enterprise.slack.com/archives/C0335KUH5AN/p1770830776154479
2026-02-11,13:36 PT,Will Rosean,Maya,https://drd.sh/cart/SQIvNxBCYTyjWrY3/,4,eyes:1 spiderman_pointing:1 fire:2,0,https://grid-angellist.enterprise.slack.com/archives/C0335KUH5AN/p1770845770286639
2026-02-11,13:43 PT,Dylan Chesney,Fattoush,https://drd.sh/cart/4wWyf69q6gl38ipy/,1,white_check_mark:1,1,https://grid-angellist.enterprise.slack.com/archives/C0335KUH5AN/p1770846189684789
2026-02-12,08:51 PT,Emma Griffith,Cava,https://drd.sh/cart/R9SvSPLxLDBMJ3et/,1,white_check_mark:1,4,https://grid-angellist.enterprise.slack.com/archives/C0335KUH5AN/p1770915101621479
2026-02-12,08:56 PT,Dylan Chesney,Katsu-Hama,https://drd.sh/cart/9vhBEYKqwl8XqJll/,1,white_check_mark:1,0,https://grid-angellist.enterprise.slack.com/archives/C0335KUH5AN/p1770915408608389
2026-02-12,13:01 PT,Leia Slosberg,Boba'clock,https://drd.sh/cart/rAI7dLuoqV8x15cW/,0,,0,https://grid-angellist.enterprise.slack.com/archives/C0335KUH5AN/p1770930092757559
2026-02-12,14:02 PT,Matt Bilotti,Sushi,https://drd.sh/cart/eCK1LG3VTy8ic2Z9/,0,,5,https://grid-angellist.enterprise.slack.com/archives/C0335KUH5AN/p1770933732582499
2026-02-12,14:48 PT,Jack Plank,Unknown,https://drd.sh/cart/soDs0k8UPgOizEd9/,0,,0,https://grid-angellist.enterprise.slack.com/archives/C0335KUH5AN/p1770936535654429
2026-02-13,08:44 PT,Cody Maldonado,Unknown,https://drd.sh/cart/lfeOXGr8AUKezWuc/,0,,1,https://grid-angellist.enterprise.slack.com/archives/C0335KUH5AN/p1771001052532599
2026-02-13,13:34 PT,Matt Bilotti,Sushi,https://drd.sh/cart/yvG6b1GE67CV48Xz/,0,,0,https://grid-angellist.enterprise.slack.com/archives/C0335KUH5AN/p1771018441883119
2026-02-17,08:02 PT,Nadia Koritareva,Sweetgreen,https://drd.sh/cart/2FHNp2wixbdA8xPK/,0,,4,https://grid-angellist.enterprise.slack.com/archives/C0335KUH5AN/p1771344142588429
2026-02-17,08:08 PT,Cody Maldonado,35 West,https://drd.sh/cart/a4Bx7G4vGmudRm7I/,1,eyes:1,0,https://grid-angellist.enterprise.slack.com/archives/C0335KUH5AN/p1771344492982249
2026-02-17,08:22 PT,Dylan Chesney,Unknown,https://drd.sh/cart/4tPLm5jjlQBNconN/,0,,0,https://grid-angellist.enterprise.slack.com/archives/C0335KUH5AN/p1771345360420449
2026-02-17,13:59 PT,Will Rosean,Lenwich,https://drd.sh/cart/FeojRDrAMcdMdHjt/,1,heart:1,0,https://grid-angellist.enterprise.slack.com/archives/C0335KUH5AN/p1771365590336679
2026-02-17,14:06 PT,Leia Slosberg,Thai,https://drd.sh/cart/VQkGolH0UXL1D9XV/,0,,0,https://grid-angellist.enterprise.slack.com/archives/C0335KUH5AN/p1771366016369179
2026-02-17,14:10 PT,Cody Maldonado,Rebel,https://drd.sh/cart/j7e0lil145ZCoeBU/,1,salute:1,14,https://grid-angellist.enterprise.slack.com/archives/C0335KUH5AN/p1771366256196489
2026-02-18,08:28 PT,Jonathan Gans,Sweetgreen,https://drd.sh/cart/e8UqtRR7hEqqKgZL/,0,,0,https://grid-angellist.enterprise.slack.com/archives/C0335KUH5AN/p1771432109665649
2026-02-18,08:37 PT,Amy Saks,Chipotle,https://drd.sh/cart/WTEaGOafcHs4kHE9/,0,,3,https://grid-angellist.enterprise.slack.com/archives/C0335KUH5AN/p1771432633066019
2026-02-18,09:48 PT,Tarina Touret,Madame Vo,https://drd.sh/cart/1Hxae9l89oR3oLkM/,0,,2,https://grid-angellist.enterprise.slack.com/archives/C0335KUH5AN/p1771436912933039
2026-02-18,11:25 PT,Leia Slosberg,Bubble Tea,https://drd.sh/cart/XSTrmeiLADX09f4T/,2,lfg_fist:2,1,https://grid-angellist.enterprise.slack.com/archives/C0335KUH5AN/p1771442729414569
2026-02-18,15:36 PT,Ethan Braren,Unknown,https://drd.sh/cart/JwTiTE5YJCIyzBMV/,0,,2,https://grid-angellist.enterprise.slack.com/archives/C0335KUH5AN/p1771457813786199
2026-02-19,09:48 PT,Dylan Chesney,Dos Toros,https://drd.sh/cart/flcWb3GWBZYx9wQn/,2,blessed:2,0,https://grid-angellist.enterprise.slack.com/archives/C0335KUH5AN/p1771523338817969
2026-02-19,11:34 PT,Cody Maldonado,Unknown,https://drd.sh/cart/h1szCKC2dLq3Tn7k/,0,,4,https://grid-angellist.enterprise.slack.com/archives/C0335KUH5AN/p1771529641273189
2026-02-19,12:30 PT,Tina Huang,Pity Boba,https://drd.sh/cart/HcPMQHCHoQ0ZlgkN/,0,,7,https://grid-angellist.enterprise.slack.com/archives/C0335KUH5AN/p1771533052915689
2026-02-19,13:48 PT,Cody Maldonado,Classic NY,https://drd.sh/cart/BCGOLl4Baw25aHe0/,0,,1,https://grid-angellist.enterprise.slack.com/archives/C0335KUH5AN/p1771537704368239
2026-02-19,14:00 PT,Leia Slosberg,Sushi,https://drd.sh/cart/NJJRFfraAkvRx7kc/,0,,0,https://grid-angellist.enterprise.slack.com/archives/C0335KUH5AN/p1771538454161319
2026-02-19,14:04 PT,Anna Koh,La Dong,https://drd.sh/cart/Rx2vz9vpclhCTEIi/,1,raised_hands:1,0,https://grid-angellist.enterprise.slack.com/archives/C0335KUH5AN/p1771538645313939
2026-02-20,06:55 PT,Jonathan Gans,Friedman's,https://drd.sh/cart/l7I5NueujnLajJwI/,0,,0,https://grid-angellist.enterprise.slack.com/archives/C0335KUH5AN/p1771599313837419
2026-02-20,08:10 PT,Jack Plank,Lenwich,https://drd.sh/cart/uC1YGTriGBEL2ZkH/,1,nice2:1,1,https://grid-angellist.enterprise.slack.com/archives/C0335KUH5AN/p1771603817332799
2026-02-20,09:14 PT,Cody Maldonado,Pure Life,https://drd.sh/cart/hvlyeSpB81yYly22/,0,,2,https://grid-angellist.enterprise.slack.com/archives/C0335KUH5AN/p1771607651944239
2026-02-20,12:21 PT,Jonathan Gans,Sushi,https://drd.sh/cart/E5JcUj56IYjipdfG/,0,,0,https://grid-angellist.enterprise.slack.com/archives/C0335KUH5AN/p1771618908337499
2026-02-20,13:40 PT,Cody Maldonado,35 West,https://drd.sh/cart/fjrMFtHyBKR4s8Fg/,0,,0,https://grid-angellist.enterprise.slack.com/archives/C0335KUH5AN/p1771623642253569
2026-02-24,08:49 PT,Leia Slosberg,Westville,https://drd.sh/cart/B0DfyH1iYNbNGgr2/,0,,4,https://grid-angellist.enterprise.slack.com/archives/C0335KUH5AN/p1771951752407669
2026-02-24,08:53 PT,Jonathan Gans,Sweetgreen,https://drd.sh/cart/yj79Ynps0WfUYFmf/,3,raised_hands:3,5,https://grid-angellist.enterprise.slack.com/archives/C0335KUH5AN/p1771951995810999
2026-02-24,13:43 PT,Bisher Anadani,Au Zaatar,https://drd.sh/cart/SzThfo6yBJQxmJNN/,1,fire:1,0,https://grid-angellist.enterprise.slack.com/archives/C0335KUH5AN/p1771969433551009
2026-02-24,13:55 PT,Amy Saks,Unknown,https://drd.sh/cart/37tvkJLbONerVLVd/,0,,5,https://grid-angellist.enterprise.slack.com/archives/C0335KUH5AN/p1771970158138459
2026-02-24,14:07 PT,Ann Suh,Unknown,https://drd.sh/cart/CSGXiQtSf5VY9n6l/,2,raised_hands:2,0,https://grid-angellist.enterprise.slack.com/archives/C0335KUH5AN/p1771970869891529
2026-02-24,14:25 PT,Jonathan Gans,Unknown,https://drd.sh/cart/U7J1LMXFkTxNse7z/,1,pray:1,12,https://grid-angellist.enterprise.slack.com/archives/C0335KUH5AN/p1771971937200369
2026-02-24,15:45 PT,Zach Schnell,Sushi,https://drd.sh/cart/OVr2UX5CCI2MMq4j/,4,goat:3 white_check_mark:1,0,https://grid-angellist.enterprise.slack.com/archives/C0335KUH5AN/p1771976726147589
2026-02-25,08:56 PT,Amy Saks,Unknown,https://drd.sh/cart/z0Ngt35v73WGYiaK/,0,,8,https://grid-angellist.enterprise.slack.com/archives/C0335KUH5AN/p1772038568402019
2026-02-25,09:39 PT,Leia Slosberg,Daily Provisions,https://drd.sh/cart/WdQuU9Hgk7fqTyZQ/,0,,1,https://grid-angellist.enterprise.slack.com/archives/C0335KUH5AN/p1772041184951599
2026-02-25,11:53 PT,Quyen Nguyen,Boba,https://drd.sh/cart/xYxVSN4tOuQLSJZz/,2,fire:2,1,https://grid-angellist.enterprise.slack.com/archives/C0335KUH5AN/p1772049215971949
2026-02-25,13:44 PT,Nadia Koritareva,Dim Sum Sam,https://drd.sh/cart/WwjG6dS2HdUrXpwe/,0,,1,https://grid-angellist.enterprise.slack.com/archives/C0335KUH5AN/p1772055889534779
2026-02-25,13:47 PT,Will Rosean,Blue Mountain,https://drd.sh/cart/rGbekQ5z1wTj2UyJ/,0,,0,https://grid-angellist.enterprise.slack.com/archives/C0335KUH5AN/p1772056071055219
2026-02-25,14:59 PT,Jonathan Gans,Sweetgreen,https://drd.sh/cart/HCeBuggzxQnmd9rN/,0,,0,https://grid-angellist.enterprise.slack.com/archives/C0335KUH5AN/p1772060355710379
2026-02-26,08:31 PT,Haley Young,Flag Sg,https://drd.sh/cart/4AQkTZhL10fdnzsn/,0,,0,https://grid-angellist.enterprise.slack.com/archives/C0335KUH5AN/p1772123474330139
2026-02-26,08:37 PT,Ann Suh,Unknown,https://www.doordash.com/cart/b7b941f9-47d3-44b2-890e-1cabc2ec9a2c?openGroupCartShare=true,2,fire:2,2,https://grid-angellist.enterprise.slack.com/archives/C0335KUH5AN/p1772123858584189
2026-02-26,13:52 PT,Madison Friedman,Sushi 35,https://drd.sh/cart/B1xxpJB3Qwuf1ZLW/,0,,3,https://grid-angellist.enterprise.slack.com/archives/C0335KUH5AN/p1772142734224349
2026-02-26,13:52 PT,Sarah Campbell,La Dong,https://drd.sh/cart/VMd58aCsCMGV8i2X/,0,,1,https://grid-angellist.enterprise.slack.com/archives/C0335KUH5AN/p1772142771513769
2026-02-26,14:13 PT,Leia Slosberg,Thai Villa,https://drd.sh/cart/rZluPlCSRQtJchhh/,0,,0,https://grid-angellist.enterprise.slack.com/archives/C0335KUH5AN/p1772144005440199
2026-02-27,05:58 PT,Dylan Chesney,Unknown,https://drd.sh/cart/uKkN4PwuN6sxVJ0L/,3,fire:3,12,https://grid-angellist.enterprise.slack.com/archives/C0335KUH5AN/p1772200733729309
2026-02-27,07:25 PT,Erica Carlson,Unknown,https://drd.sh/cart/v1ixHNeOo85jZMQK/,0,,5,https://grid-angellist.enterprise.slack.com/archives/C0335KUH5AN/p1772205955270959
2026-02-27,09:22 PT,Cody Maldonado,Unknown,https://drd.sh/cart/AqxIfuHDZeeWwGZt/,0,,0,https://grid-angellist.enterprise.slack.com/archives/C0335KUH5AN/p1772212960836969
2026-02-27,09:29 PT,Jack Plank,Sushi,https://drd.sh/cart/vUdPj9NjA9lrqzEA/,0,,7,https://grid-angellist.enterprise.slack.com/archives/C0335KUH5AN/p1772213377492089
2026-02-27,13:33 PT,Cody Maldonado,Unknown,https://drd.sh/cart/Hf39HFpVLKkMNJZH/,0,,0,https://grid-angellist.enterprise.slack.com/archives/C0335KUH5AN/p1772228037557529
2026-02-27,13:36 PT,Matt Bilotti,Rival,https://drd.sh/cart/kvPKskNabF8QFuTN/,0,,7,https://grid-angellist.enterprise.slack.com/archives/C0335KUH5AN/p1772228211993029
2026-03-02,05:54 PT,Erica Carlson,Unknown,https://drd.sh/cart/QWj1sfvtw86BSJ2X/,1,pray:1,0,https://grid-angellist.enterprise.slack.com/archives/C0335KUH5AN/p1772459650096219
2026-03-02,06:40 PT,Anna Koh,Unknown,https://drd.sh/cart/fb5lm6iP21TXvMRA/,1,pray:1,0,https://grid-angellist.enterprise.slack.com/archives/C0335KUH5AN/p1772462401431909
2026-03-02,08:58 PT,Cody Maldonado,35 West,https://drd.sh/cart/mb7SXZBummrNpmCR/,1,melting_face:1,0,https://grid-angellist.enterprise.slack.com/archives/C0335KUH5AN/p1772470738840269
2026-03-02,13:44 PT,Jack Plank,Unknown,https://drd.sh/cart/1OpXdYYdqzc8flrk/,0,,0,https://grid-angellist.enterprise.slack.com/archives/C0335KUH5AN/p1772487879897729
2026-03-03,06:27 PT,Jonathan Gans,Unknown,https://drd.sh/cart/fx6NY5qVdscjuCnQ/,0,,2,https://grid-angellist.enterprise.slack.com/archives/C0335KUH5AN/p1772548076301599
2026-03-03,08:37 PT,Erica Carlson,Unknown,https://drd.sh/cart/g6cdQogCHtykWCCz/,0,,0,https://grid-angellist.enterprise.slack.com/archives/C0335KUH5AN/p1772555825847499
2026-03-03,08:52 PT,Manav Mehta,Sweetgreen,https://drd.sh/cart/G54pseGtYau4tgdk/,0,,0,https://grid-angellist.enterprise.slack.com/archives/C0335KUH5AN/p1772556729964839
2026-03-03,09:50 PT,Leia Slosberg,Avo,https://drd.sh/cart/bNJ9VHg7guCSMePY/,0,,0,https://grid-angellist.enterprise.slack.com/archives/C0335KUH5AN/p1772560218897219
2026-03-03,13:39 PT,Madison Friedman,Parm,https://drd.sh/cart/UVePgpkU5td4jlnv/,0,,0,https://grid-angellist.enterprise.slack.com/archives/C0335KUH5AN/p1772573979215359
2026-03-03,13:46 PT,Matt Bilotti,La Dong,https://drd.sh/cart/6En1xQEkehBDuBtn/,4,bullettrain_side:1 rice:2 alert-2613:1,6,https://grid-angellist.enterprise.slack.com/archives/C0335KUH5AN/p1772574411726649
2026-03-03,13:48 PT,Lavina Kalwani,Sushi,https://drd.sh/cart/t9nSyYbCUg9Z2D1r/,0,,0,https://grid-angellist.enterprise.slack.com/archives/C0335KUH5AN/p1772574531671199
2026-03-03,13:55 PT,Bisher Anadani,Fattoush,https://drd.sh/cart/f4snZN5IYpyWBoyG/,3,here:2 middle_finger::skin-tone-3:1,8,https://grid-angellist.enterprise.slack.com/archives/C0335KUH5AN/p1772574943052369
2026-03-03,14:55 PT,Catherine Nguyen,295,https://drd.sh/cart/ocZqyOAlhGqC7mU4/,1,white_check_mark:1,0,https://grid-angellist.enterprise.slack.com/archives/C0335KUH5AN/p1772578538706719
2026-03-04,08:36 PT,Jonathan Gans,Sweetgreen,https://drd.sh/cart/rbgWLD4GaYKvww5E/,0,,2,https://grid-angellist.enterprise.slack.com/archives/C0335KUH5AN/p1772642197331789
2026-03-04,08:47 PT,Emma Griffith,Sushi 35,https://drd.sh/cart/djPl2xoKSQOyc7eN/,4,birthday:4,0,https://grid-angellist.enterprise.slack.com/archives/C0335KUH5AN/p1772642855495729
2026-03-04,09:58 PT,Allen Shen,Thai Villa,https://drd.sh/cart/RNhPvh70L1HuW948/,0,,0,https://grid-angellist.enterprise.slack.com/archives/C0335KUH5AN/p1772647125981359
2026-03-04,12:10 PT,Haley Young,Pick Me Up,https://drd.sh/cart/hu38luxuJUzNVlgQ/,2,raised_hands:2,10,https://grid-angellist.enterprise.slack.com/archives/C0335KUH5AN/p1772655028779879
2026-03-04,13:26 PT,Amy Saks,Maya,https://drd.sh/cart/U0Djqw5cUP9K75uK/,0,,0,https://grid-angellist.enterprise.slack.com/archives/C0335KUH5AN/p1772659612741969
2026-03-04,13:58 PT,Matt Bilotti,Momo,https://drd.sh/cart/KBZOdR1NXgxm8LVM/,0,,0,https://grid-angellist.enterprise.slack.com/archives/C0335KUH5AN/p1772661484700829
2026-03-04,13:59 PT,Leia Slosberg,Ichibantei,https://drd.sh/cart/6LVc7n7WEUfV9LaU/,0,,2,https://grid-angellist.enterprise.slack.com/archives/C0335KUH5AN/p1772661577790069
2026-03-04,15:30 PT,Jonah Lecker,Dorado,https://drd.sh/cart/zlXJWzKNvvzAkeEz/,0,,0,https://grid-angellist.enterprise.slack.com/archives/C0335KUH5AN/p1772667015915849
2026-03-05,08:21 PT,Ann Suh,Chopt,https://drd.sh/cart/OLI2rntOWf3SgBMw/,0,,2,https://grid-angellist.enterprise.slack.com/archives/C0335KUH5AN/p1772727691100479
2026-03-05,08:48 PT,Cody Maldonado,Kr,https://drd.sh/cart/V09T9gtFQkYkouSg/,1,fire:1,0,https://grid-angellist.enterprise.slack.com/archives/C0335KUH5AN/p1772729285876669
2026-03-05,13:28 PT,Jack Plank,Unknown,https://drd.sh/cart/qmFl3pQleQGccqUV/,0,,0,https://grid-angellist.enterprise.slack.com/archives/C0335KUH5AN/p1772746106304549
2026-03-05,13:47 PT,Madison Friedman,Sushi,https://drd.sh/cart/dPKZVP0oB9nR7ls7/,0,,0,https://grid-angellist.enterprise.slack.com/archives/C0335KUH5AN/p1772747258261139
2026-03-05,14:03 PT,Tina Huang,Dim Sum Sam,https://drd.sh/cart/ywW2ruV4MkZw3MU2/,3,fomo:2 fire:1,0,https://grid-angellist.enterprise.slack.com/archives/C0335KUH5AN/p1772748213469739
2026-03-05,14:44 PT,Catherine Nguyen,Unknown,https://drd.sh/cart/SWvS1XQTUkiNo1Nx/,0,,0,https://grid-angellist.enterprise.slack.com/archives/C0335KUH5AN/p1772750662114969
2026-03-06,06:23 PT,Anna Koh,Unknown,https://drd.sh/cart/UdI2dnm0EgLhGO4F/,1,pray:1,0,https://grid-angellist.enterprise.slack.com/archives/C0335KUH5AN/p1772807003654909
2026-03-06,08:36 PT,Erica Carlson,Unknown,https://drd.sh/cart/sak37L4qFfPlbGIi/,3,heart_hands:2 fire:1,1,https://grid-angellist.enterprise.slack.com/archives/C0335KUH5AN/p1772814985589729
2026-03-06,12:28 PT,Tina Huang,Boba,https://drd.sh/cart/qqEzRQqgsc8r5c1L/,4,partyparrot:4,3,https://grid-angellist.enterprise.slack.com/archives/C0335KUH5AN/p1772828891798869
2026-03-06,13:33 PT,Matt Bilotti,Crab Fried Rice,https://drd.sh/cart/CR6iKhyxGcnJjPdR/,1,raised_hands:1,8,https://grid-angellist.enterprise.slack.com/archives/C0335KUH5AN/p1772832820151829
2026-03-09,06:11 PT,Sarah Zheng,The Elk,https://drd.sh/cart/EqWm3fx55WB7yIH5/,2,heart_hands:1 pray:1,5,https://grid-angellist.enterprise.slack.com/archives/C0335KUH5AN/p1773061867029129
2026-03-09,08:32 PT,Madison Friedman,Sandies,https://drd.sh/cart/EtU1bQKMQ4ezajx4/,0,,0,https://grid-angellist.enterprise.slack.com/archives/C0335KUH5AN/p1773070371317079
2026-03-09,13:19 PT,Cody Maldonado,Unknown,https://drd.sh/cart/O0RPXM8GCDYdq6qS/,0,,2,https://grid-angellist.enterprise.slack.com/archives/C0335KUH5AN/p1773087584107769
2026-03-10,08:29 PT,Amy Saks,Unknown,https://drd.sh/cart/sPBVDNuXMd8VUihE/,0,,2,https://grid-angellist.enterprise.slack.com/archives/C0335KUH5AN/p1773156595831309
2026-03-10,09:04 PT,Jonathan Gans,Sushi,https://drd.sh/cart/9eMVu6gUB0ppFf1f/,5,heart_hands:5,0,https://grid-angellist.enterprise.slack.com/archives/C0335KUH5AN/p1773158698254489
2026-03-10,10:41 PT,Jeremy Navarro,Unknown,https://drd.sh/cart/in1jBZglDWDks6BE/,6,joy:3 troll:3,1,https://grid-angellist.enterprise.slack.com/archives/C0335KUH5AN/p1773164461222209
2026-03-10,12:12 PT,Catherine Nguyen,Boba,https://drd.sh/cart/yIiM2N1zqPXagZTF/,1,raised_hands:1,3,https://grid-angellist.enterprise.slack.com/archives/C0335KUH5AN/p1773169931654029
2026-03-10,13:56 PT,Dylan Chesney,Fish Cheeks,https://drd.sh/cart/rsM6aga11EzIXz0X/,5,fish:1 tropical_fish:4,0,https://grid-angellist.enterprise.slack.com/archives/C0335KUH5AN/p1773176189882549
2026-03-10,14:25 PT,Jonathan Gans,Sweetgreen,https://drd.sh/cart/FlCoU05FAV16IptY/,0,,0,https://grid-angellist.enterprise.slack.com/archives/C0335KUH5AN/p1773177931063389
2026-03-10,14:32 PT,Jack Plank,Lenwich,https://drd.sh/cart/BK0LOkrRld1i5OKh/,0,,1,https://grid-angellist.enterprise.slack.com/archives/C0335KUH5AN/p1773178378819749
2026-03-10,15:32 PT,Sarah Zheng,Unknown,https://drd.sh/cart/De0OykK2aJwiEE5O/,1,man-raising-hand:1,1,https://grid-angellist.enterprise.slack.com/archives/C0335KUH5AN/p1773181927789379
2026-03-11,06:45 PT,Jonathan Gans,Unknown,https://drd.sh/cart/nWDS8QLdk9kqxPBH/,0,,0,https://grid-angellist.enterprise.slack.com/archives/C0335KUH5AN/p1773236740224839
2026-03-11,08:36 PT,Catherine Nguyen,35 West,https://drd.sh/cart/aNTYcVNNTMmLrHDH/,5,+1:2 +1::skin-tone-3:1 pray::skin-tone-3:1 pray:1,16,https://grid-angellist.enterprise.slack.com/archives/C0335KUH5AN/p1773243390329939
2026-03-11,09:12 PT,Lavina Kalwani,Avo,https://drd.sh/cart/l8T6ADzvImuzDkv5/,1,white_check_mark:1,1,https://grid-angellist.enterprise.slack.com/archives/C0335KUH5AN/p1773245563371279
2026-03-11,12:09 PT,Ethan Braren,Boba,https://drd.sh/cart/3t2RHay4dYgGVONo/,1,star2:1,0,https://grid-angellist.enterprise.slack.com/archives/C0335KUH5AN/p1773256148158539
2026-03-11,14:11 PT,Matt Bilotti,La Dong,https://drd.sh/cart/ZsbiR3CyIh0iB8rT/,0,,11,https://grid-angellist.enterprise.slack.com/archives/C0335KUH5AN/p1773263471771169
2026-03-11,14:18 PT,Jonathan Gans,Friedman's,https://drd.sh/cart/NpXt5SVKXCUWV7K9/,0,,0,https://grid-angellist.enterprise.slack.com/archives/C0335KUH5AN/p1773263913115969
2026-03-11,14:31 PT,Lavina Kalwani,Unknown,https://drd.sh/cart/RWTCyRNizRhjtsh7/,0,,0,https://grid-angellist.enterprise.slack.com/archives/C0335KUH5AN/p1773264666258909
2026-03-12,08:48 PT,Anna Koh,Udon Lab,https://drd.sh/cart/evXROywh1M8cBtMz/,1,blob-aww:1,4,https://grid-angellist.enterprise.slack.com/archives/C0335KUH5AN/p1773330508839119
2026-03-12,09:03 PT,Jonathan Gans,Friedman's,https://drd.sh/cart/KuuS29SkZKmsqBqC/,0,,0,https://grid-angellist.enterprise.slack.com/archives/C0335KUH5AN/p1773331437502189
2026-03-12,13:41 PT,Sarah Zheng,Dim Sum Sam,https://drd.sh/cart/kiJRTY9pUPSrRE9J/,11,fomo:3 tina-tuna:3 fish:2 heartpulse:2 lfg:1,1,https://grid-angellist.enterprise.slack.com/archives/C0335KUH5AN/p1773348075790709
2026-03-12,13:48 PT,Matt Bilotti,Thai,https://drd.sh/cart/4dvl3AAU9e4SauGb/,0,,1,https://grid-angellist.enterprise.slack.com/archives/C0335KUH5AN/p1773348499922369
2026-03-13,05:27 PT,Dylan Chesney,Gregorys Coffee,https://drd.sh/cart/Uy2RBFbQHm2hYhMk/,0,,0,https://grid-angellist.enterprise.slack.com/archives/C0335KUH5AN/p1773404844966709
2026-03-13,06:32 PT,Madison Friedman,Daily Provisions,https://drd.sh/cart/WppY3aJOKuYS9PvT/,0,,0,https://grid-angellist.enterprise.slack.com/archives/C0335KUH5AN/p1773408760129399
2026-03-13,08:49 PT,Sarah Zheng,Unknown,https://drd.sh/cart/Lotb3F7Q8vKW6Eax/,0,,3,https://grid-angellist.enterprise.slack.com/archives/C0335KUH5AN/p1773416964805459
2026-03-13,13:46 PT,Matt Bilotti,Sushi,https://drd.sh/cart/6dSmOSTyJ7oKsGUm/,0,,5,https://grid-angellist.enterprise.slack.com/archives/C0335KUH5AN/p1773434780265909
2026-03-16,05:02 PT,Erica Carlson,Popup Bagels,https://drd.sh/cart/nleMwKqOTmxY0mdq/,5,scream:3 fire:2,0,https://grid-angellist.enterprise.slack.com/archives/C0335KUH5AN/p1773662576441749
2026-03-16,08:26 PT,Sarah Zheng,Korean,https://drd.sh/cart/pQ8OUFDe3GcjXZcL/,2,joy:1 sadblob:1,4,https://grid-angellist.enterprise.slack.com/archives/C0335KUH5AN/p1773674787089239
2026-03-16,13:38 PT,Matt Bilotti,La Dong,https://drd.sh/cart/eMsWcVWyc8BxSf9s/,0,,0,https://grid-angellist.enterprise.slack.com/archives/C0335KUH5AN/p1773693513956339
2026-03-16,13:39 PT,Madison Friedman,35 West,https://drd.sh/cart/IBDJ2RXnqndud7Mm/,0,,2,https://grid-angellist.enterprise.slack.com/archives/C0335KUH5AN/p1773693584040169
2026-03-17,08:19 PT,Anna Koh,Sweetgreen,https://drd.sh/cart/1lo0eCQwfRWr6uTe/,2,green_salad:2,0,https://grid-angellist.enterprise.slack.com/archives/C0335KUH5AN/p1773760748147119
2026-03-17,09:08 PT,Bisher Anadani,Just Salad,https://drd.sh/cart/MpO6NfmIaNrRxegU/,0,,0,https://grid-angellist.enterprise.slack.com/archives/C0335KUH5AN/p1773763685402559
2026-03-17,11:17 PT,Erica Carlson,Unknown,https://drd.sh/cart/Aya0Bv15mePtnv9r/,2,eyes:1 yesgreen:1,0,https://grid-angellist.enterprise.slack.com/archives/C0335KUH5AN/p1773771468511319
2026-03-17,12:06 PT,Leia Slosberg,Boba,https://drd.sh/cart/mXjFpsgnI0oZnREd/,0,,4,https://grid-angellist.enterprise.slack.com/archives/C0335KUH5AN/p1773774369268719
2026-03-17,13:20 PT,Amy Saks,Unknown,https://drd.sh/cart/usNnSHhmGWpZYiyx/,1,+1:1,3,https://grid-angellist.enterprise.slack.com/archives/C0335KUH5AN/p1773778849798679
2026-03-17,13:26 PT,Anna Koh,Unknown,https://drd.sh/cart/5Y1PvCvN0mq18XRu/,0,,15,https://grid-angellist.enterprise.slack.com/archives/C0335KUH5AN/p1773779203675769
2026-03-17,13:52 PT,Lavina Kalwani,35 West,https://drd.sh/cart/eoOWwOnZRUBMyPf5/,1,white_check_mark:1,0,https://grid-angellist.enterprise.slack.com/archives/C0335KUH5AN/p1773780721575649
2026-03-18,08:27 PT,Ethan Braren,Lin & Daughters,https://drd.sh/cart/nBrfj7MF3lQ1Dp1W/,0,,0,https://grid-angellist.enterprise.slack.com/archives/C0335KUH5AN/p1773847633447029
2026-03-18,08:38 PT,Manav Mehta,Sweetgreen,https://drd.sh/cart/odT2jbn27HuV359P/,0,,0,https://grid-angellist.enterprise.slack.com/archives/C0335KUH5AN/p1773848336381919
2026-03-18,09:00 PT,Lavina Kalwani,Sushi,https://drd.sh/cart/86QqCzQUfkX4Zgz1/,0,,0,https://grid-angellist.enterprise.slack.com/archives/C0335KUH5AN/p1773849637853809
2026-03-18,12:53 PT,Haley Young,Tea,https://drd.sh/cart/fcWcYsvYJ5Bb7kaX/,5,raised_hands:2 blob-heart:3,18,https://grid-angellist.enterprise.slack.com/archives/C0335KUH5AN/p1773863591471639
2026-03-18,14:02 PT,Aidan Kane,Unknown,https://drd.sh/cart/hQmMCNkxKPgHjIzy/,0,,0,https://grid-angellist.enterprise.slack.com/archives/C0335KUH5AN/p1773867757278619
2026-03-18,14:05 PT,Matt Bilotti,Thai,https://drd.sh/cart/n1ZbS8muKhjPlFdz/,0,,0,https://grid-angellist.enterprise.slack.com/archives/C0335KUH5AN/p1773867900975889
2026-03-18,15:30 PT,Ethan Braren,Sushi,https://drd.sh/cart/fpOgmAxKTcLBbH54/,0,,0,https://grid-angellist.enterprise.slack.com/archives/C0335KUH5AN/p1773873034581289
2026-03-19,08:53 PT,Ann Suh,Miznon,https://drd.sh/cart/AQZ84aXeO8cpxZyV/,1,thank_you:1,2,https://grid-angellist.enterprise.slack.com/archives/C0335KUH5AN/p1773935633644309
2026-03-19,08:55 PT,Anna Koh,Korean,https://drd.sh/cart/FiBI9PzDzUrW2Baa/,2,raised_hands:1 fire_on_fire:1,1,https://grid-angellist.enterprise.slack.com/archives/C0335KUH5AN/p1773935729005329
2026-03-19,11:15 PT,Sarah Zheng,Jooy Tea,https://drd.sh/cart/4e56gBCiOS9SQeVB/,3,pray::skin-tone-3:2 bongo-blob:1,1,https://grid-angellist.enterprise.slack.com/archives/C0335KUH5AN/p1773944135897209
2026-03-19,14:06 PT,Jack Plank,Unknown,https://drd.sh/cart/eDpJN4JeTFoKHmzu/,0,,0,https://grid-angellist.enterprise.slack.com/archives/C0335KUH5AN/p1773954375688329
2026-03-19,14:12 PT,Sarah Zheng,Unknown,https://drd.sh/cart/jzrns3qYuml1qSaz/,0,,0,https://grid-angellist.enterprise.slack.com/archives/C0335KUH5AN/p1773954745884329
2026-03-20,07:59 PT,Jack Plank,Unknown,https://drd.sh/cart/VUvUPy9ACyEulP8Z/,0,,4,https://grid-angellist.enterprise.slack.com/archives/C0335KUH5AN/p1774018766382369
2026-03-20,10:11 PT,Leia Slosberg,Jooy Tea,https://drd.sh/cart/Gl1CvMwHTVesEbWP/,2,party_parrot_sunglasses:1 eyes:1,0,https://grid-angellist.enterprise.slack.com/archives/C0335KUH5AN/p1774026707294419
2026-03-20,14:02 PT,Lavina Kalwani,Sushi,https://drd.sh/cart/6ck8RkliePdv5Iip/,0,,0,https://grid-angellist.enterprise.slack.com/archives/C0335KUH5AN/p1774040562658759
2026-03-23,06:49 PT,Tina Huang,Impact Kitchen - NoMad,https://drd.sh/cart/3OBWaODan7o5Emx7/,0,,1,https://grid-angellist.enterprise.slack.com/archives/C0335KUH5AN/p1774273779980219
2026-03-23,08:42 PT,Cody Maldonado,Unknown,https://drd.sh/cart/AUupUmOpOdAzf8jq/,0,,0,https://grid-angellist.enterprise.slack.com/archives/C0335KUH5AN/p1774280534228639
2026-03-23,09:42 PT,Lavina Kalwani,35 West,https://drd.sh/cart/FMSGCPGyd6oNhqzg/,0,,0,https://grid-angellist.enterprise.slack.com/archives/C0335KUH5AN/p1774284178389709
2026-03-23,13:43 PT,Matt Bilotti,Blue Mountain,https://drd.sh/cart/7Myjs5VIyxJxGJcC/,1,blob-mind-blown:1,2,https://grid-angellist.enterprise.slack.com/archives/C0335KUH5AN/p1774298636937479
2026-03-23,14:20 PT,Cody Maldonado,Unknown,https://drd.sh/cart/Jdki2vJOvKyyAmvI/,0,,0,https://grid-angellist.enterprise.slack.com/archives/C0335KUH5AN/p1774300825871049
2026-03-24,05:51 PT,Amy Saks,Unknown,https://drd.sh/cart/oHTVERuN4RJ8d38a/,1,melting_face:1,26,https://grid-angellist.enterprise.slack.com/archives/C0335KUH5AN/p1774356691159199
2026-03-24,06:55 PT,Tarina Touret,Unknown,https://drd.sh/cart/fQYfEMhqPNhcTa0z/,0,,0,https://grid-angellist.enterprise.slack.com/archives/C0335KUH5AN/p1774360536370919
2026-03-24,09:08 PT,Amy Saks,Thai,https://drd.sh/cart/GP1Jtp2XkyUy0HlM/,0,,0,https://grid-angellist.enterprise.slack.com/archives/C0335KUH5AN/p1774368492943769
2026-03-24,13:42 PT,Jack Plank,Unknown,https://drd.sh/cart/INiNTkY3OJnxz9I6/,0,,0,https://grid-angellist.enterprise.slack.com/archives/C0335KUH5AN/p1774384976665719
2026-03-25,06:23 PT,Erica Carlson,Unknown,https://drd.sh/cart/u2LuyEZpprArY9KM/,0,,0,https://grid-angellist.enterprise.slack.com/archives/C0335KUH5AN/p1774445028785149
2026-03-25,06:31 PT,Bisher Anadani,Unknown,https://drd.sh/cart/8noVFc6zIjlUbnOm/,0,,3,https://grid-angellist.enterprise.slack.com/archives/C0335KUH5AN/p1774445493431539
2026-03-25,09:00 PT,Manav Mehta,Unknown,https://drd.sh/cart/P3s9pqj7p8kCBch4/,1,yesgreen:1,0,https://grid-angellist.enterprise.slack.com/archives/C0335KUH5AN/p1774454443613319
2026-03-25,09:04 PT,Jules Stewart,35 West,https://drd.sh/cart/anjffOPBi2lEMAVy/,1,raised_hands:1,4,https://grid-angellist.enterprise.slack.com/archives/C0335KUH5AN/p1774454690925759
2026-03-25,10:40 PT,Jack Plank,Unknown,https://drd.sh/cart/SQQPmtvE80AXwwE0/,0,,1,https://grid-angellist.enterprise.slack.com/archives/C0335KUH5AN/p1774460403447769
2026-03-25,13:49 PT,Matt Bilotti,Thai Diner,https://drd.sh/cart/LFlaHmF3sTDdAf1Q/,1,eyes:1,7,https://grid-angellist.enterprise.slack.com/archives/C0335KUH5AN/p1774471746013989
2026-03-26,06:29 PT,Leia Slosberg,Daily Provisions,https://drd.sh/cart/ia03cfK6VMJQbNCI/,0,,0,https://grid-angellist.enterprise.slack.com/archives/C0335KUH5AN/p1774531762243519
2026-03-26,09:51 PT,Tina Huang,Boba,https://drd.sh/cart/xFE8I47NYJZ2xwmz/,0,,0,https://grid-angellist.enterprise.slack.com/archives/C0335KUH5AN/p1774543883482469
2026-03-26,10:06 PT,Lavina Kalwani,Sweetgreen,https://drd.sh/cart/Aov0eQvxYXnfg9vx/,1,joy:1,0,https://grid-angellist.enterprise.slack.com/archives/C0335KUH5AN/p1774544779315719
2026-03-26,14:15 PT,Tina Huang,LPB,https://drd.sh/cart/L5z0FmS4EvMZszzo/,2,crown:2,0,https://grid-angellist.enterprise.slack.com/archives/C0335KUH5AN/p1774559749119599
2026-03-27,06:24 PT,Elisa DiMauro,Partners Coffee,https://drd.sh/cart/Te6lX0ilVSuMbcM2/,0,,1,https://grid-angellist.enterprise.slack.com/archives/C0335KUH5AN/p1774617869862669
2026-03-27,08:39 PT,Jack Plank,Unknown,https://drd.sh/cart/UA8ypUUpsQTb8BbL/,0,,0,https://grid-angellist.enterprise.slack.com/archives/C0335KUH5AN/p1774625983393669
2026-03-30,06:17 PT,Tina Huang,Pura Vida Miami,https://drd.sh/cart/AippaQr4SjMSj8v4/,0,,3,https://grid-angellist.enterprise.slack.com/archives/C0335KUH5AN/p1774876629614029
2026-03-30,09:15 PT,Jun Yoon,Unknown,https://drd.sh/cart/LRMaV2OOBkOxjvjq/,1,raised_hands:1,5,https://grid-angellist.enterprise.slack.com/archives/C0335KUH5AN/p1774887308518929
2026-03-30,14:49 PT,Jun Yoon,Unknown,https://drd.sh/cart/NgnHGor6Xl1143G9/,0,,0,https://grid-angellist.enterprise.slack.com/archives/C0335KUH5AN/p1774907384714179
2026-03-31,08:49 PT,Nadia Koritareva,Sushi 295 Mercer,https://drd.sh/cart/gIT4V0D0aUVFs7GN/,5,fire_on_fire:4 sparkling_heart:1,7,https://grid-angellist.enterprise.slack.com/archives/C0335KUH5AN/p1774972172259989
2026-03-31,09:40 PT,Erica Carlson,Unknown,https://drd.sh/cart/SbnYKUpaFvHbFfSU/,2,white_check_mark:2,0,https://grid-angellist.enterprise.slack.com/archives/C0335KUH5AN/p1774975209700339
2026-03-31,14:17 PT,Irin Son,Smashy Club,https://drd.sh/cart/k5S8F14P9HU3prkC/,4,heart:2 hamburger:2,0,https://grid-angellist.enterprise.slack.com/archives/C0335KUH5AN/p1774991862350169
2026-03-31,14:46 PT,Cody Maldonado,Unknown,https://drd.sh/cart/IwfEs5utxEMmjkkq/,2,fire:2,1,https://grid-angellist.enterprise.slack.com/archives/C0335KUH5AN/p1774993574267589
2026-03-31,14:55 PT,Tarina Touret,Unknown,https://drd.sh/cart/shcuduiosMXahfFU/,1,+1:1,0,https://grid-angellist.enterprise.slack.com/archives/C0335KUH5AN/p1774994152881889
2026-04-01,08:25 PT,Rebecca Pohlmann,Lenwich,https://drd.sh/cart/PpelxXss1OYegRoa/,0,,1,https://grid-angellist.enterprise.slack.com/archives/C0335KUH5AN/p1775057146511489
2026-04-01,08:33 PT,Jonathan Gans,Sweetgreen,https://drd.sh/cart/qKj0iNV5vcb7SzhX/,0,,0,https://grid-angellist.enterprise.slack.com/archives/C0335KUH5AN/p1775057622193459
2026-04-01,08:39 PT,Amy Saks,Unknown,https://drd.sh/cart/MgZB9605Yz1DshAs/,0,,3,https://grid-angellist.enterprise.slack.com/archives/C0335KUH5AN/p1775057994835979
2026-04-01,13:30 PT,Lavina Kalwani,35 West,https://drd.sh/cart/gMWISvxxfHzhc5Ns/,0,,0,https://grid-angellist.enterprise.slack.com/archives/C0335KUH5AN/p1775075448511669
2026-04-01,13:35 PT,Matt Bilotti,La Dong,https://drd.sh/cart/lXGiE3BBpSkDNL0a/,4,joy:2 sparkling_heart:1 blob-party:1,12,https://grid-angellist.enterprise.slack.com/archives/C0335KUH5AN/p1775075723381069
2026-04-02,09:05 PT,Nora Hafez,Sushi 35 West,https://drd.sh/cart/OzFIHhalaXbQSZVs/,7,anguished:1 pray::skin-tone-3:2 pray:3 white_check_mark:1,2,https://grid-angellist.enterprise.slack.com/archives/C0335KUH5AN/p1775145905368909
2026-04-02,10:02 PT,Manav Mehta,Joe N The Juice,https://drd.sh/cart/K3QlvlgoJieB5oZD/,1,pray:1,0,https://grid-angellist.enterprise.slack.com/archives/C0335KUH5AN/p1775149327834609
2026-04-02,13:43 PT,Bisher Anadani,Unknown,https://drd.sh/cart/mCxUrAIX6xyC4nxK/,0,,0,https://grid-angellist.enterprise.slack.com/archives/C0335KUH5AN/p1775162594800539
2026-04-02,13:58 PT,Matt Bilotti,Sushi,https://drd.sh/cart/PjY2PPvJ99yEepZV/,1,+1:1,1,https://grid-angellist.enterprise.slack.com/archives/C0335KUH5AN/p1775163513437949
2026-04-02,14:05 PT,Cody Maldonado,Jp,https://drd.sh/cart/b3nQSapL1UGu5eFg/,0,,2,https://grid-angellist.enterprise.slack.com/archives/C0335KUH5AN/p1775163920515039
2026-04-03,06:48 PT,Elisa DiMauro,Impact Kitchen,https://drd.sh/cart/fPZ3j5nn9koKL779/,0,,0,https://grid-angellist.enterprise.slack.com/archives/C0335KUH5AN/p1775224129970499
2026-04-03,08:49 PT,Cody Maldonado,O'Driscoll,https://drd.sh/cart/Rp90oybwdsdPZxgE/,3,+1:2 +1::skin-tone-3:1,3,https://grid-angellist.enterprise.slack.com/archives/C0335KUH5AN/p1775231353478349
2026-04-03,08:51 PT,Will Rosean,Sangwiches,https://drd.sh/cart/zgRsdQY3kgS5Tk0G/,0,,5,https://grid-angellist.enterprise.slack.com/archives/C0335KUH5AN/p1775231501059049
2026-04-03,13:31 PT,Lavina Kalwani,35 West,https://drd.sh/cart/6sxbqt1LlmH4SeKv/,0,,8,https://grid-angellist.enterprise.slack.com/archives/C0335KUH5AN/p1775248313171659
2026-04-06,06:44 PT,Josh Trujillo,Win Son Bakery,https://drd.sh/cart/c77IMLJZd0iJUxeE/,0,,9,https://grid-angellist.enterprise.slack.com/archives/C0335KUH5AN/p1775483090890359
2026-04-06,08:45 PT,Jack Plank,Unknown,https://drd.sh/cart/9F2Z4idUU1bSmoDE/,0,,2,https://grid-angellist.enterprise.slack.com/archives/C0335KUH5AN/p1775490350619159
2026-04-06,08:50 PT,Madison Friedman,Sushi,https://drd.sh/cart/1YRGK565v2mF6AUT/,0,,2,https://grid-angellist.enterprise.slack.com/archives/C0335KUH5AN/p1775490601734279
2026-04-06,13:37 PT,Will Rosean,Corporate Bowl Slop,https://drd.sh/cart/mOISs5QTWb9g0LLy/,0,,0,https://grid-angellist.enterprise.slack.com/archives/C0335KUH5AN/p1775507862977499
2026-04-06,13:54 PT,Matt Bilotti,Thai,https://drd.sh/cart/zRKY9I0kXCPnBzxw/,0,,0,https://grid-angellist.enterprise.slack.com/archives/C0335KUH5AN/p1775508857224389
2026-04-07,07:59 PT,Anna Koh,Korean,https://drd.sh/cart/LaziYzWOR7DJ0SCs/,2,heart:2,7,https://grid-angellist.enterprise.slack.com/archives/C0335KUH5AN/p1775573964712019
2026-04-07,08:42 PT,Leia Slosberg,Westville,https://drd.sh/cart/gDp7cWMCfYjz8Fea,2,raised_hands:2,6,https://grid-angellist.enterprise.slack.com/archives/C0335KUH5AN/p1775576550528299
2026-04-07,09:22 PT,Jonathan Gans,Sushi,https://drd.sh/cart/L43lV4OFnFrllYQc/,0,,0,https://grid-angellist.enterprise.slack.com/archives/C0335KUH5AN/p1775578974148709
2026-04-07,14:00 PT,Nadia Koritareva,Smashy,https://drd.sh/cart/XI4xsGj7IxEZJDIs/,1,joy:1,2,https://grid-angellist.enterprise.slack.com/archives/C0335KUH5AN/p1775595607393409
2026-04-07,14:01 PT,Dylan Chesney,Fish Cheeks,https://drd.sh/cart/RTZwYw3DSmRt3PPp/,0,,6,https://grid-angellist.enterprise.slack.com/archives/C0335KUH5AN/p1775595669842059
2026-04-07,14:33 PT,Jonathan Gans,Blue Mountain,https://drd.sh/cart/hqNp69yfqqWVm8ZY/,0,,6,https://grid-angellist.enterprise.slack.com/archives/C0335KUH5AN/p1775597636988149
2026-04-08,08:32 PT,Lavina Kalwani,35 West,https://drd.sh/cart/Vf2iyuI5ikYK1ILs/,1,white_check_mark:1,1,https://grid-angellist.enterprise.slack.com/archives/C0335KUH5AN/p1775662377015729
2026-04-08,09:10 PT,Jonathan Gans,Sweetgreen,https://drd.sh/cart/93wsTtnuMHVULCGT/,1,eyes:1,7,https://grid-angellist.enterprise.slack.com/archives/C0335KUH5AN/p1775664617066199
2026-04-08,09:58 PT,Amy Saks,Unknown,https://drd.sh/cart/qnVojoDUIjXer0MJ/,0,,5,https://grid-angellist.enterprise.slack.com/archives/C0335KUH5AN/p1775667504836849
2026-04-08,13:36 PT,Amy Saks,Unknown,https://drd.sh/cart/F6nBQ4daWxsBgf4K/,2,pray::skin-tone-3:1 fire:1,1,https://grid-angellist.enterprise.slack.com/archives/C0335KUH5AN/p1775680561881779
2026-04-08,13:38 PT,Tarina Touret,Unknown,https://drd.sh/cart/kgtb0Vm7qx3rjKPE/,0,,0,https://grid-angellist.enterprise.slack.com/archives/C0335KUH5AN/p1775680716632399
2026-04-08,13:41 PT,Will Rosean,Unknown,https://drd.sh/cart/r8TxyfyODus5xi7d/,1,comet:1,0,https://grid-angellist.enterprise.slack.com/archives/C0335KUH5AN/p1775680880422959
2026-04-08,14:27 PT,Tina Huang,Taco Bell,https://drd.sh/cart/LXueh3xb50vwT70T/,0,,3,https://grid-angellist.enterprise.slack.com/archives/C0335KUH5AN/p1775683636312229
2026-04-08,15:06 PT,Nora Hafez,Momo Sushi,https://drd.sh/cart/ZDOvTTGd3kJ6ANCo/,1,white_check_mark:1,2,https://grid-angellist.enterprise.slack.com/archives/C0335KUH5AN/p1775685961141519
2026-04-09,08:59 PT,Lavina Kalwani,Sweetgreen,https://drd.sh/cart/tjQvXUQElSigcVwU/,0,,3,https://grid-angellist.enterprise.slack.com/archives/C0335KUH5AN/p1775750352277109
2026-04-09,09:07 PT,Quyen Nguyen,Korean,https://drd.sh/cart/SVnm10MFRUhd51K6/,0,,3,https://grid-angellist.enterprise.slack.com/archives/C0335KUH5AN/p1775750865435889
2026-04-09,09:54 PT,Ethan Braren,Lenwich,https://drd.sh/cart/0CcgaUwYH1BDCqE8/,0,,9,https://grid-angellist.enterprise.slack.com/archives/C0335KUH5AN/p1775753662094109
2026-04-09,12:09 PT,Haley Young,Boba,https://drd.sh/cart/7ODeVGgrMVb6ewan/,1,eyes:1,4,https://grid-angellist.enterprise.slack.com/archives/C0335KUH5AN/p1775761791227909
2026-04-09,13:47 PT,Leia Slosberg,Dim Sum,https://drd.sh/cart/NGyocPsyjeMfMB4t/,2,party_parrot_sunglasses:1 fomo:1,5,https://grid-angellist.enterprise.slack.com/archives/C0335KUH5AN/p1775767653492159
2026-04-09,13:48 PT,Matt Bilotti,Thai,https://drd.sh/cart/N1ROZbw4NnfCmztS/,2,eyes:2,0,https://grid-angellist.enterprise.slack.com/archives/C0335KUH5AN/p1775767686909359
2026-04-09,13:52 PT,Cody Maldonado,Corporate Slop,https://drd.sh/cart/7LvFiTUTdgvOFVbf/,0,,3,https://grid-angellist.enterprise.slack.com/archives/C0335KUH5AN/p1775767935472989
2026-04-10,06:11 PT,Tina Huang,Unknown,https://drd.sh/cart/hFbzgppfcJQDnv9R/,2,rock:1 fire:1,1,https://grid-angellist.enterprise.slack.com/archives/C0335KUH5AN/p1775826713232019
2026-04-10,08:06 PT,Tina Huang,Dim Sum,https://drd.sh/cart/8qzgN1j10fxdD235/,9,people_hugging:6 egg:3,2,https://grid-angellist.enterprise.slack.com/archives/C0335KUH5AN/p1775833569776189
2026-04-10,13:50 PT,Matt Bilotti,Sushi,https://drd.sh/cart/ERyunLDDC9PjJ9Hy/,0,,2,https://grid-angellist.enterprise.slack.com/archives/C0335KUH5AN/p1775854206910649
2026-04-13,05:55 PT,Anna Koh,Unknown,https://drd.sh/cart/34tWFC6DzaFezGih/,1,pray:1,0,https://grid-angellist.enterprise.slack.com/archives/C0335KUH5AN/p1776084927427089
2026-04-13,06:33 PT,Tarina Touret,The Elk,https://drd.sh/cart/vFjV4DR0UAc0WeBZ/,0,,0,https://grid-angellist.enterprise.slack.com/archives/C0335KUH5AN/p1776087239604529
2026-04-13,08:45 PT,Cody Maldonado,Sweetgreen,https://drd.sh/cart/zHwOhsGagSZsjtoZ/,0,,0,https://grid-angellist.enterprise.slack.com/archives/C0335KUH5AN/p1776095156154989
2026-04-13,09:36 PT,Anna Koh,Dimsum,https://drd.sh/cart/zjoRDVN8KnuJcPbZ/,0,,1,https://grid-angellist.enterprise.slack.com/archives/C0335KUH5AN/p1776098199570959
2026-04-13,13:36 PT,Matt Bilotti,Sushi,https://drd.sh/cart/UraFPlKb1uSv0k0k/,0,,0,https://grid-angellist.enterprise.slack.com/archives/C0335KUH5AN/p1776112599494739
2026-04-13,13:36 PT,Cody Maldonado,Unknown,https://drd.sh/cart/THEGkPiuw2CxH9kB/,0,,4,https://grid-angellist.enterprise.slack.com/archives/C0335KUH5AN/p1776112618399659
2026-04-13,14:19 PT,Jun Yoon,Ilili,https://drd.sh/cart/BnMg6d20I4QHXQuy/,0,,0,https://grid-angellist.enterprise.slack.com/archives/C0335KUH5AN/p1776115191750769
2026-04-14,06:24 PT,Jonathan Gans,Unknown,https://drd.sh/cart/LlfZ6NtPXX1h1tsa/,0,,0,https://grid-angellist.enterprise.slack.com/archives/C0335KUH5AN/p1776173089448959
2026-04-14,08:33 PT,Lavina Kalwani,Blue Mountain,https://drd.sh/cart/D4bCGH3RrrJLUGUs/,1,fire:1,8,https://grid-angellist.enterprise.slack.com/archives/C0335KUH5AN/p1776180789721229
2026-04-14,09:48 PT,Jonathan Gans,Sweetgreen,https://drd.sh/cart/PBjRirsLL1yb6YBH/,1,pray:1,0,https://grid-angellist.enterprise.slack.com/archives/C0335KUH5AN/p1776185339145799
2026-04-14,12:02 PT,Tina Huang,Boba,https://drd.sh/cart/IQrAOnEzsmeWZ2ik/,9,partying_face:8 ty:1,2,https://grid-angellist.enterprise.slack.com/archives/C0335KUH5AN/p1776193371512419
2026-04-14,13:39 PT,Matt Bilotti,Thai,https://drd.sh/cart/eyjWcqkaMQc8ySD4/,1,fire:1,8,https://grid-angellist.enterprise.slack.com/archives/C0335KUH5AN/p1776199182127389
2026-04-14,14:12 PT,Nora Hafez,Lin & Daughters,https://drd.sh/cart/XI6X9kGGKzwd8tTR/,0,,0,https://grid-angellist.enterprise.slack.com/archives/C0335KUH5AN/p1776201137799619
2026-04-14,14:16 PT,Colton Smith,Sushi,https://drd.sh/cart/MzVH007fW2lHybB5/,0,,0,https://grid-angellist.enterprise.slack.com/archives/C0335KUH5AN/p1776201377228889
2026-04-15,08:54 PT,Leia Slosberg,Daily Provisions,https://drd.sh/cart/oGeiZ5oFzwso32Fa/,2,heart:2,2,https://grid-angellist.enterprise.slack.com/archives/C0335KUH5AN/p1776268453546189
2026-04-15,08:57 PT,Catherine Nguyen,Sushi 295 Mercer,https://drd.sh/cart/Ha8WXoM1JQdsUbwC/,0,,0,https://grid-angellist.enterprise.slack.com/archives/C0335KUH5AN/p1776268670308319
2026-04-15,09:40 PT,Jonathan Gans,Friedman's,https://drd.sh/cart/BGchHDv2W9VUrjcy/,0,,0,https://grid-angellist.enterprise.slack.com/archives/C0335KUH5AN/p1776271251039109
2026-04-15,11:59 PT,Leia Slosberg,Boba'clock,https://drd.sh/cart/x4tmh2l00YzCRWCt/,1,fire_on_fire:1,4,https://grid-angellist.enterprise.slack.com/archives/C0335KUH5AN/p1776279578787339
2026-04-15,13:37 PT,Will Rosean,Bowl Slop,https://drd.sh/cart/2e4ME2zRPs5A0AE3/,0,,9,https://grid-angellist.enterprise.slack.com/archives/C0335KUH5AN/p1776285454720579
2026-04-15,14:10 PT,Sarah Zheng,Kame,https://drd.sh/cart/Pb2myz5hQndDNpCB/,3,heart_hands:1 heart_hands::skin-tone-2:1 heart_hands::skin-tone-3:1,0,https://grid-angellist.enterprise.slack.com/archives/C0335KUH5AN/p1776287452319729
2026-04-15,14:41 PT,Lavina Kalwani,Slop,https://drd.sh/cart/mR9bUIZdAKIbmSIM/,0,,5,https://grid-angellist.enterprise.slack.com/archives/C0335KUH5AN/p1776289304447649
2026-04-16,08:15 PT,Erica Carlson,Unknown,https://drd.sh/cart/O74OangqZkxRf5rE/,0,,5,https://grid-angellist.enterprise.slack.com/archives/C0335KUH5AN/p1776352558882599
2026-04-16,08:28 PT,Leia Slosberg,Sweetgreen,https://drd.sh/cart/JZy4NTlnNNoSRAxj/,1,raised_hands:1,0,https://grid-angellist.enterprise.slack.com/archives/C0335KUH5AN/p1776353296715799
2026-04-16,08:41 PT,Jonah Lecker,Deli,https://drd.sh/cart/Wii5YmEYEI7GDh5c/,0,,1,https://grid-angellist.enterprise.slack.com/archives/C0335KUH5AN/p1776354100768999
2026-04-16,09:37 PT,Cody Maldonado,Unknown,https://drd.sh/cart/xJP6oP4nx7ZCiWBF/,1,pray:1,1,https://grid-angellist.enterprise.slack.com/archives/C0335KUH5AN/p1776357476653699
2026-04-16,13:45 PT,Tina Huang,Unknown,https://drd.sh/cart/9152HDI9IhK66oab/,0,,2,https://grid-angellist.enterprise.slack.com/archives/C0335KUH5AN/p1776372351771239
2026-04-16,13:53 PT,Bisher Anadani,Au Zaatar,https://drd.sh/cart/EK216Zu3KXGRjaG9/,0,,0,https://grid-angellist.enterprise.slack.com/archives/C0335KUH5AN/p1776372809740939
2026-04-16,13:54 PT,Jeremy Navarro,Dim Sum,https://drd.sh/cart/Io4U2IB0EWCeJlZz/,1,+1:1,0,https://grid-angellist.enterprise.slack.com/archives/C0335KUH5AN/p1776372854949529
2026-04-16,13:56 PT,Jeremy Navarro,Unknown,https://drd.sh/cart/Fpfbs6jA7g1a6NmU/,0,,3,https://grid-angellist.enterprise.slack.com/archives/C0335KUH5AN/p1776372971191729
2026-04-16,14:41 PT,Jack Plank,Unknown,https://drd.sh/cart/ks7iRhV74oWHPTIZ/,0,,0,https://grid-angellist.enterprise.slack.com/archives/C0335KUH5AN/p1776375677280449
2026-04-17,06:07 PT,Elisa DiMauro,Partners Coffee,https://drd.sh/cart/BAHQcy7DvrjAtLr7/,0,,0,https://grid-angellist.enterprise.slack.com/archives/C0335KUH5AN/p1776431274262309
2026-04-17,08:44 PT,Jules Stewart,35 West,https://drd.sh/cart/8jjRbonKulL3hVLy/,3,sushi:3,4,https://grid-angellist.enterprise.slack.com/archives/C0335KUH5AN/p1776440689546979
2026-04-17,09:13 PT,Manav Mehta,Sweetgreen,https://drd.sh/cart/4CQAKPU0bBmLrLCt/,1,eyes:1,1,https://grid-angellist.enterprise.slack.com/archives/C0335KUH5AN/p1776442437695759
2026-04-17,14:10 PT,Leia Slosberg,A Lot Of Little Things,https://drd.sh/cart/Wy68r6cK1LLpMApx/,2,smallwins:2,0,https://grid-angellist.enterprise.slack.com/archives/C0335KUH5AN/p1776460201559279
2026-04-20,06:05 PT,Lavina Kalwani,Daily Provisions,https://drd.sh/cart/I8BWc1IXoJMnAZvs/,0,,0,https://grid-angellist.enterprise.slack.com/archives/C0335KUH5AN/p1776690300695039
2026-04-20,06:22 PT,Jonathan Gans,Unknown,https://drd.sh/cart/OON8EIpQhkgnXaMk/,4,bread:1 cowboy-bread:1 croissant:1 baguette_bread:1,0,https://grid-angellist.enterprise.slack.com/archives/C0335KUH5AN/p1776691371611229
2026-04-20,08:17 PT,Sarah Zheng,Dumplings,https://drd.sh/cart/we6iJ37QgEX44w3M/,2,dumpling:2,0,https://grid-angellist.enterprise.slack.com/archives/C0335KUH5AN/p1776698252670339
2026-04-20,09:33 PT,Tessa Coyle,Sweetgreen,https://drd.sh/cart/sP5PxhrDsvORmU5T/,0,,2,https://grid-angellist.enterprise.slack.com/archives/C0335KUH5AN/p1776702808767789
2026-04-20,10:04 PT,Erica Carlson,Unknown,https://drd.sh/cart/Qzfvtj6b58r2ngJo/,0,,2,https://grid-angellist.enterprise.slack.com/archives/C0335KUH5AN/p1776704670586479
2026-04-20,13:39 PT,Lavina Kalwani,Blue Mountain,https://drd.sh/cart/vIYSJujaPnX3T9rq/,0,,5,https://grid-angellist.enterprise.slack.com/archives/C0335KUH5AN/p1776717551248689
2026-04-20,14:54 PT,Jun Yoon,Ootoya,https://drd.sh/cart/3p4HdbACZfkdgP60/,0,,0,https://grid-angellist.enterprise.slack.com/archives/C0335KUH5AN/p1776722092513429
2026-04-20,15:47 PT,Jonathan Gans,Unknown,https://drd.sh/cart/tiuyYXOpARE9jIFC/,1,pray:1,0,https://grid-angellist.enterprise.slack.com/archives/C0335KUH5AN/p1776725278242939
2026-04-21,08:52 PT,Lavina Kalwani,Chopt,https://drd.sh/cart/dZvXjtaIKrMMog8K/,0,,0,https://grid-angellist.enterprise.slack.com/archives/C0335KUH5AN/p1776786751098479
2026-04-21,08:56 PT,Tessa Coyle,Poke,https://drd.sh/cart/3yoXObzw4QsXBUpI/,1,pray::skin-tone-3:1,2,https://grid-angellist.enterprise.slack.com/archives/C0335KUH5AN/p1776786988708759
2026-04-21,09:04 PT,Sarah Zheng,Westville,https://drd.sh/cart/Pot3owfxkRcEZpNU/,1,eyes:1,1,https://grid-angellist.enterprise.slack.com/archives/C0335KUH5AN/p1776787472630129
2026-04-21,09:55 PT,Tina Huang,La Dong,https://drd.sh/cart/7fnh0Iq3wqy7BHqG/,0,,0,https://grid-angellist.enterprise.slack.com/archives/C0335KUH5AN/p1776790537219889
2026-04-21,11:11 PT,Asher Bykov,Blue Park Kitchen,https://drd.sh/cart/CZ6ByR9tZkYV8Hj4/,1,eyes:1,5,https://grid-angellist.enterprise.slack.com/archives/C0335KUH5AN/p1776795103481369
2026-04-21,13:38 PT,Lavina Kalwani,Sushi,https://drd.sh/cart/GlvcSoexlW8ceCSx/,0,,1,https://grid-angellist.enterprise.slack.com/archives/C0335KUH5AN/p1776803930597829
2026-04-21,13:41 PT,Leia Slosberg,Thai Villa,https://drd.sh/cart/wtJGUn7Kh39ctTKI/,3,raised_hands:1 pray:1 thank_you:1,0,https://grid-angellist.enterprise.slack.com/archives/C0335KUH5AN/p1776804100483739
2026-04-21,15:06 PT,Jonathan Gans,Sushi,https://drd.sh/cart/N34TdVlJwnjcK13a/,0,,0,https://grid-angellist.enterprise.slack.com/archives/C0335KUH5AN/p1776809188039499
2026-04-22,06:30 PT,Jonathan Gans,Unknown,https://drd.sh/cart/hbQPP7ct40wPPNVG/,0,,0,https://grid-angellist.enterprise.slack.com/archives/C0335KUH5AN/p1776864656259739
2026-04-22,08:45 PT,Erica Carlson,Zesty,https://drd.sh/cart/Z1tSQzC7LXy26grM/,0,,0,https://grid-angellist.enterprise.slack.com/archives/C0335KUH5AN/p1776872743407089
2026-04-22,08:54 PT,Nora Hafez,Naya,https://drd.sh/cart/RsqYPPpIkPAuGBq1/,0,,0,https://grid-angellist.enterprise.slack.com/archives/C0335KUH5AN/p1776873240566709
2026-04-22,09:46 PT,Maxim Kalinkin,Westville,https://drd.sh/cart/4nYsddOZr0ZrHfmV/,4,fire_on_fire:4,4,https://grid-angellist.enterprise.slack.com/archives/C0335KUH5AN/p1776876375694819
2026-04-22,11:42 PT,Haley Young,Tea,https://drd.sh/cart/G2z58BzowIOfSatL/,5,crown:5,4,https://grid-angellist.enterprise.slack.com/archives/C0335KUH5AN/p1776883335831189
2026-04-22,13:32 PT,Amy Saks,Unknown,https://drd.sh/cart/ZtVzwfXNIwZ3i6FM/,0,,4,https://grid-angellist.enterprise.slack.com/archives/C0335KUH5AN/p1776889968424019
2026-04-22,13:58 PT,Matt Bilotti,Crab Fried Rice,https://drd.sh/cart/yuq4v2YTvhYu7uO9/,3,fire_on_fire:3,3,https://grid-angellist.enterprise.slack.com/archives/C0335KUH5AN/p1776891496706799
2026-04-22,14:12 PT,Leia Slosberg,Sushi,https://drd.sh/cart/liwtha1wR4dskbUz/,3,bongo-blob:1 excited-2310:1 blob-aww:1,0,https://grid-angellist.enterprise.slack.com/archives/C0335KUH5AN/p1776892345512809
2026-04-22,15:13 PT,Asher Bykov,Thai,https://drd.sh/cart/gPCyuxTlpDbQhebq/,0,,0,https://grid-angellist.enterprise.slack.com/archives/C0335KUH5AN/p1776896004792669
2026-04-23,08:08 PT,Jack Plank,Chicken Caesar Wraps,https://drd.sh/cart/FtbQXd7bK2xdwybG/,2,eyes:1 white_check_mark:1,0,https://grid-angellist.enterprise.slack.com/archives/C0335KUH5AN/p1776956930659229
2026-04-23,08:44 PT,Nadia Koritareva,Sweetgreen,https://drd.sh/cart/m2LxtXGPXxFllufS/,0,,5,https://grid-angellist.enterprise.slack.com/archives/C0335KUH5AN/p1776959070300209
2026-04-23,08:56 PT,Anna Koh,Dimsum,https://drd.sh/cart/agpEU8HH813tAhn3/,0,,1,https://grid-angellist.enterprise.slack.com/archives/C0335KUH5AN/p1776959815084299
2026-04-23,09:41 PT,Jonah Lecker,Just Salad,https://drd.sh/cart/jlcDB6OSz3Dgk90X/,2,pray:1 crown:1,0,https://grid-angellist.enterprise.slack.com/archives/C0335KUH5AN/p1776962461478289
2026-04-23,11:44 PT,Leia Slosberg,Boba,https://drd.sh/cart/j5iyDXBdRCY1saCM/,1,blob-heart:1,3,https://grid-angellist.enterprise.slack.com/archives/C0335KUH5AN/p1776969897459139
2026-04-23,13:28 PT,Will Rosean,Bowl Slop,https://drd.sh/cart/7giyO0d03tOJ5Ohy/,2,raised_hands:2,0,https://grid-angellist.enterprise.slack.com/archives/C0335KUH5AN/p1776976139310209
2026-04-23,14:02 PT,Anna Koh,Korean,https://drd.sh/cart/16Gyts0d1RrsPEIf/,1,heart:1,1,https://grid-angellist.enterprise.slack.com/archives/C0335KUH5AN/p1776978164908959
2026-04-23,14:09 PT,Jeremy Navarro,Philippines,https://drd.sh/cart/J28mr3SYsYH3v0S9/,2,phillies-p:2,0,https://grid-angellist.enterprise.slack.com/archives/C0335KUH5AN/p1776978554252339
2026-04-24,06:14 PT,Elisa DiMauro,Partners Coffee,https://drd.sh/cart/52kqi2asOcjTq4a4/,2,pray::skin-tone-3:1 pray:1,0,https://grid-angellist.enterprise.slack.com/archives/C0335KUH5AN/p1777036479653759
2026-04-24,08:19 PT,Sarah Zheng,Soup,https://drd.sh/cart/SbqFxPHu6lB37i9P/,3,crying-pepe:1 raised_hands:1 fire_on_fire:1,0,https://grid-angellist.enterprise.slack.com/archives/C0335KUH5AN/p1777043995614799
2026-04-24,08:28 PT,Lavina Kalwani,Sweetgreen,https://drd.sh/cart/mzoQxwmTROitWJP7/,2,raised_hands:2,0,https://grid-angellist.enterprise.slack.com/archives/C0335KUH5AN/p1777044489334839
2026-04-24,08:40 PT,Joshua Noronha,Unknown,https://drd.sh/cart/IJD3FuZC6XHTUNbY/,0,,2,https://grid-angellist.enterprise.slack.com/archives/C0335KUH5AN/p1777045206110419
2026-04-24,09:14 PT,Nora Hafez,Meadow Lane,https://drd.sh/cart/X3jXALtRJEDN9cHf/,0,,9,https://grid-angellist.enterprise.slack.com/archives/C0335KUH5AN/p1777047286067439
2026-04-24,11:32 PT,Lavina Kalwani,Boba,https://drd.sh/cart/yWEKJPOBzUzf8rEH/,0,,0,https://grid-angellist.enterprise.slack.com/archives/C0335KUH5AN/p1777055567460429
2026-04-24,12:45 PT,Tina Huang,Dim Sum,https://drd.sh/cart/MlpjevCVRzEH8LWR/,0,,0,https://grid-angellist.enterprise.slack.com/archives/C0335KUH5AN/p1777059900673459
2026-04-24,13:32 PT,Matt Bilotti,La Dong,https://drd.sh/cart/MMwPkmD1ZmOLhTN3/,0,,3,https://grid-angellist.enterprise.slack.com/archives/C0335KUH5AN/p1777062746664279
2026-04-27,06:00 PT,Elisa DiMauro,LA Breakfast Club,https://drd.sh/cart/wQvqCmiDaD1lr4lE/,0,,0,https://grid-angellist.enterprise.slack.com/archives/C0335KUH5AN/p1777294859874209
2026-04-27,07:25 PT,Sarah Campbell,LA Breakfast Club Pt II,https://drd.sh/cart/YW3BhDgCm5AZg6To/,1,thankyou-1506:1,3,https://grid-angellist.enterprise.slack.com/archives/C0335KUH5AN/p1777299903345809
2026-04-27,09:01 PT,Amy Saks,Westville,https://drd.sh/cart/5CX1G0YqfAAfVoYg/,3,angel:3,7,https://grid-angellist.enterprise.slack.com/archives/C0335KUH5AN/p1777305701911509
2026-04-27,13:44 PT,Sarah Zheng,Unknown,https://drd.sh/cart/aGBALj8bLPELCbz4/,0,,1,https://grid-angellist.enterprise.slack.com/archives/C0335KUH5AN/p1777322667029089
2026-04-27,13:51 PT,Matt Bilotti,Sushi,https://drd.sh/cart/8JyipsSdHowZliCD/,0,,6,https://grid-angellist.enterprise.slack.com/archives/C0335KUH5AN/p1777323105443659
2026-04-28,06:02 PT,Jonathan Gans,Unknown,https://drd.sh/cart/Lo3fA3vc9y8Q3X8k/,0,,5,https://grid-angellist.enterprise.slack.com/archives/C0335KUH5AN/p1777381345946069
2026-04-28,08:22 PT,Haley Young,Unknown,https://drd.sh/cart/Rk5i0jJAGvD0nzOj/,2,fire:1 pray:1,8,https://grid-angellist.enterprise.slack.com/archives/C0335KUH5AN/p1777389773156659
2026-04-28,08:32 PT,Anna Koh,Unknown,https://drd.sh/cart/L03D4kXc47cfqVSV/,2,heart:2,0,https://grid-angellist.enterprise.slack.com/archives/C0335KUH5AN/p1777390376730099
2026-04-28,09:33 PT,Sarah Zheng,Two Hands,https://drd.sh/cart/KUFXyIGDTL2WjwwW/,0,,0,https://grid-angellist.enterprise.slack.com/archives/C0335KUH5AN/p1777394009602479
2026-04-28,12:50 PT,Lavina Kalwani,Boba,https://drd.sh/cart/FsmUomdZvb67qcJn/,0,,1,https://grid-angellist.enterprise.slack.com/archives/C0335KUH5AN/p1777405858545749
2026-04-28,13:53 PT,Matt Bilotti,Thai Diner,https://drd.sh/cart/H1cmhDPZKQ5Ym6Qn/,0,,14,https://grid-angellist.enterprise.slack.com/archives/C0335KUH5AN/p1777409621848159
2026-04-28,14:11 PT,Haley Young,Sushi,https://drd.sh/cart/bXj4LEhsUUI1rbXY/,0,,0,https://grid-angellist.enterprise.slack.com/archives/C0335KUH5AN/p1777410714830669
2026-04-28,14:15 PT,Jack Plank,Unknown,https://drd.sh/cart/UWTfCWsg4LpywFSW/,0,,14,https://grid-angellist.enterprise.slack.com/archives/C0335KUH5AN/p1777410959683399
2026-04-29,08:30 PT,Jonah Lecker,Mediterranean,https://drd.sh/cart/XQneeRP3Lk6Xkaqa/,1,x:1,5,https://grid-angellist.enterprise.slack.com/archives/C0335KUH5AN/p1777476600340059
2026-04-29,08:38 PT,Anna Koh,Korean,https://drd.sh/cart/feUzckT2mvVTtjFh/,3,crown:3,7,https://grid-angellist.enterprise.slack.com/archives/C0335KUH5AN/p1777477105072769
2026-04-29,08:38 PT,Tessa Coyle,Daily Provisions,https://drd.sh/cart/XqHzcYYCYJCdaSZJ/,2,eyes:2,1,https://grid-angellist.enterprise.slack.com/archives/C0335KUH5AN/p1777477136575209
2026-04-29,08:55 PT,Jonathan Gans,Sweetgreen,https://drd.sh/cart/48jhwQBM4IPy0Yzu/,0,,0,https://grid-angellist.enterprise.slack.com/archives/C0335KUH5AN/p1777478131055619
2026-04-29,08:55 PT,Leia Slosberg,Unknown,https://drd.sh/cart/5cc5DJ4Sk1fhb8dF/,0,,1,https://grid-angellist.enterprise.slack.com/archives/C0335KUH5AN/p1777478149540809
2026-04-29,11:50 PT,Haley Young,Juice,https://drd.sh/cart/Q7JSysHWtYiYYoa7/,0,,3,https://grid-angellist.enterprise.slack.com/archives/C0335KUH5AN/p1777488614808349
2026-04-29,13:45 PT,Jack Plank,The Villa,https://drd.sh/cart/vJqlWeWjxnp5DP8Q/,0,,6,https://grid-angellist.enterprise.slack.com/archives/C0335KUH5AN/p1777495529160329
2026-04-29,13:46 PT,Matt Bilotti,Kame,https://drd.sh/cart/kJ4LCraLFmdFDILn/,0,,0,https://grid-angellist.enterprise.slack.com/archives/C0335KUH5AN/p1777495594356999
2026-04-29,14:44 PT,Bisher Anadani,Sushi,https://drd.sh/cart/bzF7NU6XYeLROB5N/,0,,3,https://grid-angellist.enterprise.slack.com/archives/C0335KUH5AN/p1777499089978979
2026-04-29,15:57 PT,Jun Yoon,Ilili,https://drd.sh/cart/wBVcfrKBAx3RfF9H/,0,,1,https://grid-angellist.enterprise.slack.com/archives/C0335KUH5AN/p1777503454881179
2026-04-30,08:19 PT,Catherine Nguyen,Sushi 35 West,https://drd.sh/cart/IL6e3hWu9JKKJaq8/,3,raised_hands:2 raised_hands::skin-tone-5:1,0,https://grid-angellist.enterprise.slack.com/archives/C0335KUH5AN/p1777562393669359
2026-04-30,08:35 PT,Manav Mehta,Unknown,https://drd.sh/cart/PL1UqVDXCJmkJknn/,21,cry:12 heart:9,2,https://grid-angellist.enterprise.slack.com/archives/C0335KUH5AN/p1777563325844759
2026-04-30,11:26 PT,Quyen Nguyen,Boba,https://drd.sh/cart/sauY6rH0H9VEBlRa/,0,,17,https://grid-angellist.enterprise.slack.com/archives/C0335KUH5AN/p1777573580366899
2026-04-30,13:45 PT,Will Rosean,Raw Fish,https://drd.sh/cart/t6rG0xmtpI7c2XSY/,0,,1,https://grid-angellist.enterprise.slack.com/archives/C0335KUH5AN/p1777581924912209
2026-04-30,13:53 PT,Tina Huang,Thai Diner,https://drd.sh/cart/wqDbhMiJuECovNOo/,0,,2,https://grid-angellist.enterprise.slack.com/archives/C0335KUH5AN/p1777582434157099
2026-04-30,13:55 PT,Jack Plank,Unknown,https://drd.sh/cart/1qKP3fhz76h8Kxtu/,0,,0,https://grid-angellist.enterprise.slack.com/archives/C0335KUH5AN/p1777582545947569
2026-05-01,05:30 PT,Tina Huang,Black Star Bakery & Cafe,https://drd.sh/cart/RQqahKuHK7GfFnhW/,0,,6,https://grid-angellist.enterprise.slack.com/archives/C0335KUH5AN/p1777638630100549
2026-05-01,09:00 PT,Tina Huang,Family Style Dim Sum Sam,https://drd.sh/cart/4mDhf3E6F7pH9juj/,5,heart_hands::skin-tone-3:1 heart_hands:4,0,https://grid-angellist.enterprise.slack.com/archives/C0335KUH5AN/p1777651206932739
2026-05-01,10:28 PT,Amy Saks,Westville,https://drd.sh/cart/uek6X1MJWyZ8aaFH/,0,,0,https://grid-angellist.enterprise.slack.com/archives/C0335KUH5AN/p1777656502739259
2026-05-01,13:43 PT,Lavina Kalwani,Maya Taqueria,https://drd.sh/cart/zmWpmP93A1XnCgn0/,0,,2,https://grid-angellist.enterprise.slack.com/archives/C0335KUH5AN/p1777668186173869
2026-05-01,13:45 PT,Matt Bilotti,Sushi,https://drd.sh/cart/Hd9mBEC9mYg89nkp/,2,b:2,18,https://grid-angellist.enterprise.slack.com/archives/C0335KUH5AN/p1777668322953379
2026-05-01,14:19 PT,Tina Huang,Westville,https://drd.sh/cart/EZPVa8rOUHBXfIJa/,2,hot-potato:1 heavy_plus_sign:1,12,https://grid-angellist.enterprise.slack.com/archives/C0335KUH5AN/p1777670386652449
2026-05-04,05:39 PT,Leia Slosberg,Black Seed,https://drd.sh/cart/s8dwVSt769f3QWT2/,0,,0,https://grid-angellist.enterprise.slack.com/archives/C0335KUH5AN/p1777898355045979
2026-05-04,08:29 PT,Nadia Koritareva,Daily Provisions,https://drd.sh/cart/XnH0NWp6XCo0WNQn/,3,pray:3,5,https://grid-angellist.enterprise.slack.com/archives/C0335KUH5AN/p1777908585641069
2026-05-04,08:52 PT,Asher Bykov,Daily Provisions,https://drd.sh/cart/1Dxon1AQZsNFzWpo/,2,thankyou-1506:2,0,https://grid-angellist.enterprise.slack.com/archives/C0335KUH5AN/p1777909970461369
2026-05-04,09:27 PT,Jules Stewart,35 West,https://drd.sh/cart/ZGfg08QEHzwC15mU/,1,rolling_on_the_floor_laughing:1,2,https://grid-angellist.enterprise.slack.com/archives/C0335KUH5AN/p1777912021001329
2026-05-04,13:36 PT,Matt Bilotti,La Dong,https://drd.sh/cart/N1qxKtKajumdTqg4/,0,,0,https://grid-angellist.enterprise.slack.com/archives/C0335KUH5AN/p1777926979599839
2026-05-04,13:40 PT,Jack Plank,Westville,https://drd.sh/cart/QB9TuAdg7SJ2B1hO/,0,,5,https://grid-angellist.enterprise.slack.com/archives/C0335KUH5AN/p1777927255348019
2026-05-04,15:30 PT,Asher Bykov,Potbelly,https://drd.sh/cart/hX3zVcISKlW6VoXV/,1,eyes:1,0,https://grid-angellist.enterprise.slack.com/archives/C0335KUH5AN/p1777933806778699
2026-05-05,08:22 PT,Leia Slosberg,Sweetgreen,https://drd.sh/cart/qoUop0HlTv1Ty7EL/,0,,0,https://grid-angellist.enterprise.slack.com/archives/C0335KUH5AN/p1777994527832399
2026-05-05,09:10 PT,Maxim Kalinkin,Chipotle,https://drd.sh/cart/DzJ7kdNq2WxVaFtB/,2,pray::skin-tone-3:1 pray:1,1,https://grid-angellist.enterprise.slack.com/archives/C0335KUH5AN/p1777997425751929
2026-05-05,10:09 PT,Nora Hafez,Pura Vida Miami,https://drd.sh/cart/hL9JtjGWuMCBpnF2/,2,white_check_mark:2,2,https://grid-angellist.enterprise.slack.com/archives/C0335KUH5AN/p1778000969132439
2026-05-05,13:41 PT,Matt Bilotti,Blue Mountain,https://drd.sh/cart/5QqBzCAZeyHhryLy/,6,fire_on_fire:6,1,https://grid-angellist.enterprise.slack.com/archives/C0335KUH5AN/p1778013707092809
2026-05-05,14:00 PT,Tina Huang,Unknown,https://drd.sh/cart/nJoNzU4Xlg2sUBl2/,0,,4,https://grid-angellist.enterprise.slack.com/archives/C0335KUH5AN/p1778014833173229
2026-05-05,14:35 PT,Bisher Anadani,Soothr,https://drd.sh/cart/nCtqmhavddalNt3i/,1,raised_hands:1,2,https://grid-angellist.enterprise.slack.com/archives/C0335KUH5AN/p1778016902669699
2026-05-06,06:21 PT,Jonathan Gans,Unknown,https://drd.sh/cart/2wsVGG6kMieFbhKq/,0,,0,https://grid-angellist.enterprise.slack.com/archives/C0335KUH5AN/p1778073676190179
2026-05-06,09:14 PT,Ethan Braren,Din Tai Fung,https://drd.sh/cart/afRvvhOdChGHHiXz/,1,x:1,11,https://grid-angellist.enterprise.slack.com/archives/C0335KUH5AN/p1778084045238669
2026-05-06,09:47 PT,Jonathan Gans,Sushi,https://drd.sh/cart/nZL8bEq2H9zYO6d3/,0,,0,https://grid-angellist.enterprise.slack.com/archives/C0335KUH5AN/p1778086046781269
2026-05-06,09:48 PT,Ethan Braren,Soup Dumplings,https://drd.sh/cart/j3kZ1i9HF3yYXN2A/,0,,2,https://grid-angellist.enterprise.slack.com/archives/C0335KUH5AN/p1778086108967759
2026-05-06,12:25 PT,Madison Friedman,Bobbbba,https://drd.sh/cart/Syp51C0wsd1XbnuM/,0,,4,https://grid-angellist.enterprise.slack.com/archives/C0335KUH5AN/p1778095543561639
2026-05-06,13:17 PT,Jack Plank,Unknown,https://drd.sh/cart/FkGhmZUWHlyqGnBo/,0,,0,https://grid-angellist.enterprise.slack.com/archives/C0335KUH5AN/p1778098635626459
2026-05-06,13:37 PT,Sarah Zheng,Unknown,https://drd.sh/cart/RAqKEJrfXizpkU8f/,1,thank_you:1,1,https://grid-angellist.enterprise.slack.com/archives/C0335KUH5AN/p1778099877515899
2026-05-06,14:11 PT,Jonathan Gans,Unknown,https://drd.sh/cart/5iDnjgjzOTaEM19W/,0,,0,https://grid-angellist.enterprise.slack.com/archives/C0335KUH5AN/p1778101903405719
2026-05-07,08:28 PT,Jonah Lecker,Poke,https://drd.sh/cart/t2e4ZFGbHvI10uXd/,1,saluting_face:1,0,https://grid-angellist.enterprise.slack.com/archives/C0335KUH5AN/p1778167706397289
2026-05-07,09:22 PT,Amy Saks,Unknown,https://drd.sh/cart/vUoiNDGdQE8FU5XQ/,0,,0,https://grid-angellist.enterprise.slack.com/archives/C0335KUH5AN/p1778170922045379
2026-05-07,09:57 PT,Madison Friedman,Pura Vida,https://drd.sh/cart/XwGewsf76VImrSqC/,1,white_check_mark:1,0,https://grid-angellist.enterprise.slack.com/archives/C0335KUH5AN/p1778173056193969
2026-05-07,12:04 PT,Leia Slosberg,Unknown,https://drd.sh/cart/RNkZ2bYwR2HbyIwd/,0,,3,https://grid-angellist.enterprise.slack.com/archives/C0335KUH5AN/p1778180650085509
2026-05-07,13:47 PT,Will Rosean,Unknown,https://drd.sh/cart/izMAf5Hdf5Ov4KZn/,3,fire_on_fire:1 spinning-corporate-frog:1 cowbolty-wolty:1,0,https://grid-angellist.enterprise.slack.com/archives/C0335KUH5AN/p1778186843674159
2026-05-07,13:54 PT,Matt Bilotti,Kame,https://drd.sh/cart/XVL0qoIRqxXKfmou/,0,,0,https://grid-angellist.enterprise.slack.com/archives/C0335KUH5AN/p1778187256277849
2026-05-07,13:55 PT,Haley Young,Chinese,https://drd.sh/cart/P6hppWTMOdkIAjdW/,3,heart:2 broken_heart:1,22,https://grid-angellist.enterprise.slack.com/archives/C0335KUH5AN/p1778187345307429
2026-05-07,14:03 PT,Bisher Anadani,Au'z,https://drd.sh/cart/NPdf3UVl1HC0e8fD/,3,raised_hands:3,5,https://grid-angellist.enterprise.slack.com/archives/C0335KUH5AN/p1778187792050159
2026-05-07,14:27 PT,Jun Yoon,LPB,https://drd.sh/cart/WTILnE3n7SkI9NpG/,0,,0,https://grid-angellist.enterprise.slack.com/archives/C0335KUH5AN/p1778189268196139
2026-05-08,05:45 PT,Elisa DiMauro,Unknown,https://drd.sh/cart/zFT0q7WRqvjMn9Li/,2,crown:2,0,https://grid-angellist.enterprise.slack.com/archives/C0335KUH5AN/p1778244331010609
2026-05-08,06:12 PT,Leia Slosberg,The Elk,https://drd.sh/cart/S8LTN79Ow438CmVl/,2,heart_hands:1 excited-2310:1,2,https://grid-angellist.enterprise.slack.com/archives/C0335KUH5AN/p1778245973386129
2026-05-08,07:57 PT,Jack Plank,Unknown,https://drd.sh/cart/pPTDZyvw4zlN31ep/,0,,0,https://grid-angellist.enterprise.slack.com/archives/C0335KUH5AN/p1778252263101749
2026-05-08,08:00 PT,Anna Koh,Carrot Express,https://drd.sh/cart/T8ddobBIQswWVQUd/,0,,0,https://grid-angellist.enterprise.slack.com/archives/C0335KUH5AN/p1778252430672859
2026-05-08,08:31 PT,Jules Stewart,Unknown,https://drd.sh/cart/XvdfK2Q2vKmE27H8/,1,excited-2310:1,2,https://grid-angellist.enterprise.slack.com/archives/C0335KUH5AN/p1778254299905399
2026-05-08,08:39 PT,Anna Koh,Unknown,https://drd.sh/cart/KKWqdrLLgMatLRTB/,1,raised_hands:1,1,https://grid-angellist.enterprise.slack.com/archives/C0335KUH5AN/p1778254780136299
2026-05-08,09:40 PT,Tarina Touret,Madame Vo,https://drd.sh/cart/llu0TRZgws6uR0jr/,0,,0,https://grid-angellist.enterprise.slack.com/archives/C0335KUH5AN/p1778258433230919
2026-05-08,11:10 PT,Lavina Kalwani,Boba,https://drd.sh/cart/RVh1J9D3QRBSS1YT/,0,,4,https://grid-angellist.enterprise.slack.com/archives/C0335KUH5AN/p1778263832589459
2026-05-08,13:45 PT,Matt Bilotti,Thai,https://drd.sh/cart/7WXMpO8C9vsgqu8d/,1,joy:1,1,https://grid-angellist.enterprise.slack.com/archives/C0335KUH5AN/p1778273131937989
2026-05-08,14:08 PT,Jules Stewart,Unknown,https://drd.sh/cart/EbRbDthZFgIaNH0D/,0,,6,https://grid-angellist.enterprise.slack.com/archives/C0335KUH5AN/p1778274535093669
2026-05-11,06:25 PT,Sarah Zheng,The Elk,https://drd.sh/cart/LRSdl7aK52j2uKFY/,2,pray::skin-tone-3:1 pray:1,0,https://grid-angellist.enterprise.slack.com/archives/C0335KUH5AN/p1778505958787729
2026-05-11,08:27 PT,Madison Friedman,Westvilllle,https://drd.sh/cart/lULNOnpGlIis9mmO/,3,heart:3,0,https://grid-angellist.enterprise.slack.com/archives/C0335KUH5AN/p1778513246374009
2026-05-11,13:16 PT,Jack Plank,Unknown,https://drd.sh/cart/HMAcGfB2sYRqhsn0/,0,,2,https://grid-angellist.enterprise.slack.com/archives/C0335KUH5AN/p1778530576857349
2026-05-11,13:37 PT,Jules Stewart,Dumpings,https://drd.sh/cart/y2Zb3mXBxXAV3teH/,0,,0,https://grid-angellist.enterprise.slack.com/archives/C0335KUH5AN/p1778531857246239
2026-05-12,08:33 PT,Madison Friedman,Moga,https://drd.sh/cart/Caqh7fUHRC9rX4w0/,6,fire:6,0,https://grid-angellist.enterprise.slack.com/archives/C0335KUH5AN/p1778600014898139
2026-05-12,08:39 PT,Jonah Lecker,Poke,https://drd.sh/cart/Q2YEigPwvzWzgT3f/,0,,0,https://grid-angellist.enterprise.slack.com/archives/C0335KUH5AN/p1778600395525949
2026-05-12,13:35 PT,Matt Bilotti,Sushi,https://drd.sh/cart/aJ6rT3XOpli2Pd0f/,0,,5,https://grid-angellist.enterprise.slack.com/archives/C0335KUH5AN/p1778618107450449
2026-05-12,15:14 PT,Ethan Braren,Unknown,https://drd.sh/cart/IFcOmdDG8EFvWKuz/,0,,5,https://grid-angellist.enterprise.slack.com/archives/C0335KUH5AN/p1778624050504859
2026-05-13,08:13 PT,Jonah Lecker,Pura Vida,https://drd.sh/cart/XvlLLLLwhHm7ZD7y/,1,fieri_chefkiss:1,29,https://grid-angellist.enterprise.slack.com/archives/C0335KUH5AN/p1778685181683929
2026-05-13,08:13 PT,Haley Young,Soup,https://drd.sh/cart/FEs9lgYdZkvCorTV/,0,,5,https://grid-angellist.enterprise.slack.com/archives/C0335KUH5AN/p1778685238236559
2026-05-13,09:45 PT,Jonah Lecker,Chipotle,https://drd.sh/cart/kdwMGEnZe5xwYxXn/,0,,0,https://grid-angellist.enterprise.slack.com/archives/C0335KUH5AN/p1778690708955609
2026-05-13,09:54 PT,Maxim Kalinkin,Westville,https://drd.sh/cart/noLORsw2GLO0Zhpk/,0,,4,https://grid-angellist.enterprise.slack.com/archives/C0335KUH5AN/p1778691244247999
2026-05-13,10:23 PT,Leia Slosberg,Daily Provisions,https://drd.sh/cart/swJsBzzubzu3aaA3/,0,,0,https://grid-angellist.enterprise.slack.com/archives/C0335KUH5AN/p1778692995644709
2026-05-13,12:30 PT,Madison Friedman,Wanpo,https://drd.sh/cart/SEEJNcjkniBrpsz3/,3,raised_hands:1 crying-pepe:2,0,https://grid-angellist.enterprise.slack.com/archives/C0335KUH5AN/p1778700657368479
2026-05-13,13:59 PT,Jack Plank,Unknown,https://drd.sh/cart/0TG4S7ircbGsrrEz/,0,,1,https://grid-angellist.enterprise.slack.com/archives/C0335KUH5AN/p1778705993167249
2026-05-13,14:14 PT,Jonah Lecker,Sushi,https://drd.sh/cart/1Fh5nC10OR8m1P01/,1,sigh:1,0,https://grid-angellist.enterprise.slack.com/archives/C0335KUH5AN/p1778706882241559
2026-05-14,08:54 PT,Leia Slosberg,Avo,https://drd.sh/cart/c05412kTprqHdHoD/,0,,1,https://grid-angellist.enterprise.slack.com/archives/C0335KUH5AN/p1778774054107589
2026-05-14,09:15 PT,Sarah Zheng,Two Hands,https://drd.sh/cart/0a5uGAGxArbIZTIv/,0,,0,https://grid-angellist.enterprise.slack.com/archives/C0335KUH5AN/p1778775328821319
2026-05-14,13:12 PT,Haley Young,Tea,https://drd.sh/cart/VCbQcl5ZOymycbjK/,2,crying-pepe:1 crown:1,1,https://grid-angellist.enterprise.slack.com/archives/C0335KUH5AN/p1778789528885859
2026-05-14,13:41 PT,Leia Slosberg,Raku,https://drd.sh/cart/s7VzYufuWpinZ1We/,3,eyes:1 blob-heart:1 crying_kim:1,0,https://grid-angellist.enterprise.slack.com/archives/C0335KUH5AN/p1778791283025349
2026-05-14,14:48 PT,Jeremy Navarro,Unknown,https://drd.sh/cart/ufSGdhgkFUHrHfDh/,0,,0,https://grid-angellist.enterprise.slack.com/archives/C0335KUH5AN/p1778795333918809
2026-05-15,06:11 PT,Lavina Kalwani,Daily Provisions,https://drd.sh/cart/nbOUuTsn9UvQXUjr/,0,,0,https://grid-angellist.enterprise.slack.com/archives/C0335KUH5AN/p1778850696990439
2026-05-15,09:05 PT,Jack Plank,Unknown,https://drd.sh/cart/kSDcihxrO3rNkpV0/,0,,8,https://grid-angellist.enterprise.slack.com/archives/C0335KUH5AN/p1778861157484699
2026-05-15,09:29 PT,Ethan Braren,Unknown,https://drd.sh/cart/luxsnu4VARhNOTJL/,0,,1,https://grid-angellist.enterprise.slack.com/archives/C0335KUH5AN/p1778862577443869
2026-05-18,08:33 PT,Jules Stewart,35 West,https://drd.sh/cart/PSfWlFWcHGHqBDSd/,0,,1,https://grid-angellist.enterprise.slack.com/archives/C0335KUH5AN/p1779118397909109
2026-05-18,08:45 PT,Francesca O'Brien,Cava,https://drd.sh/cart/onN0K1YSq6wQBC9R/,2,fire:2,0,https://grid-angellist.enterprise.slack.com/archives/C0335KUH5AN/p1779119158322449
2026-05-18,10:39 PT,Anna Koh,Juice,https://drd.sh/cart/jlgf5tJvQg4zvqeJ/,0,,0,https://grid-angellist.enterprise.slack.com/archives/C0335KUH5AN/p1779125997148919
2026-05-18,13:25 PT,Jack Plank,Unknown,https://drd.sh/cart/vOGDNsNONlfTRTsU/,3,eyes:3,4,https://grid-angellist.enterprise.slack.com/archives/C0335KUH5AN/p1779135951447789
2026-05-18,13:26 PT,Jun Yoon,LPB,https://drd.sh/cart/ItmgM4l0SI9NvkIS/,1,x:1,11,https://grid-angellist.enterprise.slack.com/archives/C0335KUH5AN/p1779136011342579
2026-05-18,14:17 PT,Jun Yoon,Ichibantei,https://drd.sh/cart/lKwcjEqNJlDz292S/,0,,3,https://grid-angellist.enterprise.slack.com/archives/C0335KUH5AN/p1779139074450749
2026-05-18,14:42 PT,Jonah Lecker,Unknown,https://drd.sh/cart/OIFvp1zPkEv3iVLY/,0,,0,https://grid-angellist.enterprise.slack.com/archives/C0335KUH5AN/p1779140572245299
2026-05-19,08:04 PT,Matt Bilotti,Westville,https://drd.sh/cart/6WpfGtE1OfslqIb6/,0,,2,https://grid-angellist.enterprise.slack.com/archives/C0335KUH5AN/p1779203057345489
2026-05-19,08:13 PT,Jonah Lecker,Unknown,https://drd.sh/cart/mAdLshBNtIwS0ksx/,0,,0,https://grid-angellist.enterprise.slack.com/archives/C0335KUH5AN/p1779203597317699
2026-05-19,08:15 PT,Manav Mehta,Unknown,https://drd.sh/cart/i1ah7LgfidmfTZlT/,3,raised_hands:2 white_check_mark:1,6,https://grid-angellist.enterprise.slack.com/archives/C0335KUH5AN/p1779203713520479
2026-05-19,08:54 PT,Francesca O'Brien,Springbone Kitchen,https://drd.sh/cart/Xw2pyhwb17NuDXOC/,1,ty_thankyou:1,0,https://grid-angellist.enterprise.slack.com/archives/C0335KUH5AN/p1779206068117219
2026-05-19,12:24 PT,Haley Young,Unknown,https://drd.sh/cart/0h0QXTgDnbwSpGoO/,0,,0,https://grid-angellist.enterprise.slack.com/archives/C0335KUH5AN/p1779218668528419
2026-05-19,13:29 PT,Will Rosean,YKTV,https://drd.sh/cart/t2SuxTwnI5qwGEJV/,1,white_check_mark:1,3,https://grid-angellist.enterprise.slack.com/archives/C0335KUH5AN/p1779222581525999
2026-05-19,13:46 PT,Matt Bilotti,Sushi,https://drd.sh/cart/KC9EnpQb8BWi5QqC/,0,,5,https://grid-angellist.enterprise.slack.com/archives/C0335KUH5AN/p1779223585820789
2026-05-20,08:03 PT,Arshia Daghoghi,Din Tai Fung,https://drd.sh/cart/MdTwTjaVx9P150eI/,8,fire_on_fire:6 awesome:2,17,https://grid-angellist.enterprise.slack.com/archives/C0335KUH5AN/p1779289430825279
2026-05-20,08:42 PT,Cody Maldonado,Vanessa's,https://drd.sh/cart/rlvNw7q9zydO01SE/,0,,1,https://grid-angellist.enterprise.slack.com/archives/C0335KUH5AN/p1779291774469279
2026-05-20,08:45 PT,Tessa Coyle,Sweetgreen,https://drd.sh/cart/42MQRwEosuAT92lO/,2,raised_hands:2,6,https://grid-angellist.enterprise.slack.com/archives/C0335KUH5AN/p1779291953531769
2026-05-20,09:05 PT,Dario Camacho,Sweetgreen,https://drd.sh/cart/x2SXVsTCspKyrkOm/,0,,0,https://grid-angellist.enterprise.slack.com/archives/C0335KUH5AN/p1779293128396569
2026-05-20,09:08 PT,Haley Young,Milu,https://drd.sh/cart/OJLheHl5jHkdZnFu/,0,,4,https://grid-angellist.enterprise.slack.com/archives/C0335KUH5AN/p1779293296743079
2026-05-20,10:43 PT,Haley Young,Unknown,https://drd.sh/cart/SiCF3jSR721zlFYT/,2,crown:2,5,https://grid-angellist.enterprise.slack.com/archives/C0335KUH5AN/p1779298984879339
2026-05-20,13:43 PT,Matt Bilotti,Thai,https://drd.sh/cart/D7yQWS9OVISf9ofq/,0,,0,https://grid-angellist.enterprise.slack.com/archives/C0335KUH5AN/p1779309803880019
2026-05-20,13:55 PT,Will Rosean,Soosh,https://drd.sh/cart/irc3OMOGHzN1sc9x/,1,raised_hands:1,0,https://grid-angellist.enterprise.slack.com/archives/C0335KUH5AN/p1779310502049239
2026-05-20,14:06 PT,Sarah Zheng,Fam Style,https://drd.sh/cart/xBuenS8xJY092U6O/,1,fomo:1,3,https://grid-angellist.enterprise.slack.com/archives/C0335KUH5AN/p1779311184119259
2026-05-21,08:33 PT,Nora Hafez,Din Tai Fung,https://drd.sh/cart/9WbxYtAYlIIzuIGB/,0,,11,https://grid-angellist.enterprise.slack.com/archives/C0335KUH5AN/p1779377621881009
2026-05-21,08:36 PT,Anna Koh,Nubiana,https://drd.sh/cart/oWDDhVMlmJR2uS5y/,2,fire_on_fire:2,6,https://grid-angellist.enterprise.slack.com/archives/C0335KUH5AN/p1779377772163879
2026-05-21,09:35 PT,Amy Saks,Unknown,https://drd.sh/cart/kdEYOJYk6ofBAnRi/,1,sadblob:1,2,https://grid-angellist.enterprise.slack.com/archives/C0335KUH5AN/p1779381306375859
2026-05-21,14:31 PT,Ethan Braren,Unknown,https://drd.sh/cart/JpAbJ00h2iTgUuDO/,1,ty_thankyou:1,2,https://grid-angellist.enterprise.slack.com/archives/C0335KUH5AN/p1779399079969289
2026-05-22,05:49 PT,Anna Koh,Unknown,https://drd.sh/cart/9VKrb6SzGTcKmboe/,0,,2,https://grid-angellist.enterprise.slack.com/archives/C0335KUH5AN/p1779454178213269
2026-05-22,06:46 PT,Anna Koh,Unknown,https://drd.sh/cart/pcqZgKhjZENzRpB4/,1,heart:1,4,https://grid-angellist.enterprise.slack.com/archives/C0335KUH5AN/p1779457573790889
2026-05-22,09:14 PT,Cody Maldonado,Unknown,https://drd.sh/cart/nrZQfOGrOVkPKW1u/,1,tada:1,16,https://grid-angellist.enterprise.slack.com/archives/C0335KUH5AN/p1779466482962279
2026-05-22,09:24 PT,Leia Slosberg,Blue Mountain,https://drd.sh/cart/lZZdQWiCkbH2eUBb/,3,pray-intensifies:2 dramatic-prayer:1,0,https://grid-angellist.enterprise.slack.com/archives/C0335KUH5AN/p1779467052727089
2026-05-22,09:30 PT,Joe Rzonsa,Sweetgreen,https://drd.sh/cart/O6uX88g1pcF6bUew/,0,,0,https://grid-angellist.enterprise.slack.com/archives/C0335KUH5AN/p1779467444133109
2026-05-22,12:23 PT,Nora Hafez,Luckin Coffee,https://drd.sh/cart/bQk0ZqqIYIny9jmW/,1,fomo:1,6,https://grid-angellist.enterprise.slack.com/archives/C0335KUH5AN/p1779477798428709
2026-05-22,13:40 PT,Will Rosean,Sangwich,https://drd.sh/cart/gjsZgmA9nvexZ8ZH/,0,,0,https://grid-angellist.enterprise.slack.com/archives/C0335KUH5AN/p1779482421582599
2026-05-26,08:15 PT,Khuzaima Maaz,Five Spice,https://drd.sh/cart/9yG4ZHGbGe2zKivD/,0,,0,https://grid-angellist.enterprise.slack.com/archives/C0335KUH5AN/p1779808528909059
2026-05-26,08:53 PT,Amy Saks,Unknown,https://drd.sh/cart/Pza432TbP20vuYTY/,0,,2,https://grid-angellist.enterprise.slack.com/archives/C0335KUH5AN/p1779810819192809
2026-05-26,08:59 PT,Jonathan Gans,Sushi,https://drd.sh/cart/dKLFVp8kq43ngTP8/,0,,0,https://grid-angellist.enterprise.slack.com/archives/C0335KUH5AN/p1779811160843289
2026-05-26,14:00 PT,Will Rosean,Ilili,https://drd.sh/cart/pz0ilMc1NaG4QATt/,2,fire:1 fire_on_fire:1,2,https://grid-angellist.enterprise.slack.com/archives/C0335KUH5AN/p1779829258314549
2026-05-26,14:09 PT,Anna Koh,Madame Vo,https://drd.sh/cart/2fujPWwZt2ek1bTz/,0,,2,https://grid-angellist.enterprise.slack.com/archives/C0335KUH5AN/p1779829751506389
2026-05-26,14:17 PT,Francesca O'Brien,Westville,https://drd.sh/cart/neXYZeaoXJSRhcbU/,0,,0,https://grid-angellist.enterprise.slack.com/archives/C0335KUH5AN/p1779830230339439
2026-05-27,08:07 PT,Nadia Koritareva,Sweetgreen,https://drd.sh/cart/wHPnmk9H2VA4bJzQ/,0,,2,https://grid-angellist.enterprise.slack.com/archives/C0335KUH5AN/p1779894429642599
2026-05-27,08:43 PT,Jules Stewart,35 West,https://drd.sh/cart/cDjxCScoDPHncl74/,0,,3,https://grid-angellist.enterprise.slack.com/archives/C0335KUH5AN/p1779896615934819
2026-05-27,10:17 PT,Joe Rzonsa,Springbone,https://drd.sh/cart/KxRfBDyHs1HrCki9/,0,,0,https://grid-angellist.enterprise.slack.com/archives/C0335KUH5AN/p1779902221057919
2026-05-27,11:13 PT,Manav Mehta,Boba,https://drd.sh/cart/xWF5H9oxM4EZzsGg/,2,eyes:1 excited-2310:1,2,https://grid-angellist.enterprise.slack.com/archives/C0335KUH5AN/p1779905609912829
2026-05-27,13:42 PT,Nadia Koritareva,Sweetgreen,https://drd.sh/cart/s2vFRdcyNrgHRsY1/,1,eyes:1,1,https://grid-angellist.enterprise.slack.com/archives/C0335KUH5AN/p1779914560928639
2026-05-27,13:45 PT,Haley Young,Unknown,https://drd.sh/cart/UmpafQpnsJ1VWUqY/,0,,0,https://grid-angellist.enterprise.slack.com/archives/C0335KUH5AN/p1779914750840119
2026-05-27,13:57 PT,Will Rosean,Soosh,https://drd.sh/cart/jGiHoqKbLswNVzRT/,0,,0,https://grid-angellist.enterprise.slack.com/archives/C0335KUH5AN/p1779915437769779
2026-05-27,14:02 PT,Joe Rzonsa,Ichibante,https://drd.sh/cart/D5CbbQnPR4FIuRAQ/,0,,0,https://grid-angellist.enterprise.slack.com/archives/C0335KUH5AN/p1779915775810989
2026-05-27,14:20 PT,Jonathan Gans,Sushi,https://drd.sh/cart/iENaMLSRyzrXvV0t/,0,,0,https://grid-angellist.enterprise.slack.com/archives/C0335KUH5AN/p1779916844277769
2026-05-28,07:29 PT,Haley Young,Maman,https://drd.sh/cart/g4H7o2dR4slRJy5H/,1,pray:1,3,https://grid-angellist.enterprise.slack.com/archives/C0335KUH5AN/p1779978546057619
2026-05-28,07:56 PT,Jack Plank,Unknown,https://drd.sh/cart/9zC8fNk0UD7qwMfY/,2,raised_hands:2,0,https://grid-angellist.enterprise.slack.com/archives/C0335KUH5AN/p1779980189818379
2026-05-28,08:19 PT,Tessa Coyle,Blue Mountain,https://drd.sh/cart/hfrOu6IfOzpPMbEs/,1,pray:1,4,https://grid-angellist.enterprise.slack.com/archives/C0335KUH5AN/p1779981597771369
2026-05-28,08:46 PT,Joe Rzonsa,Springbone,https://drd.sh/cart/A3WYIFA8UagdAjCo/,1,yum_cat:1,0,https://grid-angellist.enterprise.slack.com/archives/C0335KUH5AN/p1779983219484959
2026-05-28,08:55 PT,Nora Hafez,Sushi 295 Mercer,https://drd.sh/cart/fwsP5Lxug31XjIHD/,0,,0,https://grid-angellist.enterprise.slack.com/archives/C0335KUH5AN/p1779983705740739
2026-05-28,11:54 PT,Leia Slosberg,Boba'clock,https://drd.sh/cart/WmpmFOmHkM19E4Uq/,3,lfg:2 llama-cry:1,0,https://grid-angellist.enterprise.slack.com/archives/C0335KUH5AN/p1779994460533369
2026-05-28,13:46 PT,Will Rosean,Thai Diner,https://drd.sh/cart/j3MHtkLv3lB0KZhp/,1,crying-pepe:1,3,https://grid-angellist.enterprise.slack.com/archives/C0335KUH5AN/p1780001199570199
2026-05-28,13:48 PT,Sarah Zheng,Fam Style,https://drd.sh/cart/J3NeYRpepLXoWTAK/,0,,3,https://grid-angellist.enterprise.slack.com/archives/C0335KUH5AN/p1780001337522789
2026-05-28,16:16 PT,Nora Hafez,Soothr Thai Noodle Bar,https://drd.sh/cart/t9IPLF90EFu1drZo/,0,,1,https://grid-angellist.enterprise.slack.com/archives/C0335KUH5AN/p1780010187457269
2026-05-29,05:57 PT,Lavina Kalwani,Daily Provisions,https://drd.sh/cart/4LJLsZoQoz6FozHf/,0,,0,https://grid-angellist.enterprise.slack.com/archives/C0335KUH5AN/p1780059443954509
2026-05-29,06:36 PT,Anna Koh,Unknown,https://drd.sh/cart/FKss8bbahlzJDbVo/,0,,0,https://grid-angellist.enterprise.slack.com/archives/C0335KUH5AN/p1780061808880649
2026-05-29,08:04 PT,Jack Plank,Cava,https://drd.sh/cart/4D0IKERp64VOdYju/,1,pray:1,0,https://grid-angellist.enterprise.slack.com/archives/C0335KUH5AN/p1780067081379079
2026-05-29,08:47 PT,Jeremy Navarro,Chick-fil-A,https://drd.sh/cart/u6wRB1lL2lKmRJ0Z/,0,,8,https://grid-angellist.enterprise.slack.com/archives/C0335KUH5AN/p1780069665860039
2026-05-29,09:56 PT,Manav Mehta,Pura Vida,https://drd.sh/cart/YW62dGTuzeGyvstr/,0,,0,https://grid-angellist.enterprise.slack.com/archives/C0335KUH5AN/p1780073781825729
2026-05-29,11:19 PT,Lavina Kalwani,Boba,https://drd.sh/cart/LxmFpJnbp2ZwvMk0/,0,,4,https://grid-angellist.enterprise.slack.com/archives/C0335KUH5AN/p1780078767321609
2026-05-29,13:42 PT,Matt Bilotti,Sushi,https://drd.sh/cart/AdRIvauJJHdpBVaz/,0,,4,https://grid-angellist.enterprise.slack.com/archives/C0335KUH5AN/p1780087321775649
2026-05-29,14:30 PT,Amy Saks,Unknown,https://drd.sh/cart/3aeR3U6jXRaTA2gD/,0,,0,https://grid-angellist.enterprise.slack.com/archives/C0335KUH5AN/p1780090215527839
2026-06-01,07:07 PT,Tarina Touret,The Elk,https://drd.sh/cart/kj8e96tNHiif6Aqy/,0,,0,https://grid-angellist.enterprise.slack.com/archives/C0335KUH5AN/p1780322846562009
2026-06-01,07:34 PT,Tina Huang,Black Star Bakery & Cafe,https://drd.sh/cart/TLH8daP5d6liUTEv/,0,,0,https://grid-angellist.enterprise.slack.com/archives/C0335KUH5AN/p1780324441192569
2026-06-01,08:55 PT,Jules Stewart,35,https://drd.sh/cart/y4fY707WiPe6Mrcy/,0,,0,https://grid-angellist.enterprise.slack.com/archives/C0335KUH5AN/p1780329321620759
2026-06-01,09:06 PT,Joe Rzonsa,Springbone,https://drd.sh/cart/NYQRGAavmwIFR5gQ/,1,eyes:1,0,https://grid-angellist.enterprise.slack.com/archives/C0335KUH5AN/p1780329979377869
2026-06-01,10:21 PT,Dre Ramirez Jr.,Glaze,https://drd.sh/cart/V4ZwjFvDLpnjvnzz/,1,fire_on_fire:1,6,https://grid-angellist.enterprise.slack.com/archives/C0335KUH5AN/p1780334505232779
2026-06-01,13:21 PT,Amy Saks,Unknown,https://drd.sh/cart/SRw15iK85h3nLfRF/,0,,1,https://grid-angellist.enterprise.slack.com/archives/C0335KUH5AN/p1780345311699959
2026-06-01,15:09 PT,Tina Huang,Smashy,https://drd.sh/cart/hDNyDkIl7FGlYfcm/,0,,0,https://grid-angellist.enterprise.slack.com/archives/C0335KUH5AN/p1780351748153179
2026-06-02,08:25 PT,Ananya Devanur,Springbone,https://drd.sh/cart/YJYftvA3w6HZWBIu/,1,eyes:1,0,https://grid-angellist.enterprise.slack.com/archives/C0335KUH5AN/p1780413931063229
2026-06-02,08:25 PT,Sarah Zheng,Lenwich,https://drd.sh/cart/X71DslZf2krEMMmN/,3,eyes:1 pinched_fingers:2,0,https://grid-angellist.enterprise.slack.com/archives/C0335KUH5AN/p1780413956448599
2026-06-02,08:39 PT,Anna Koh,Nubiani,https://drd.sh/cart/2mTeXXC9nggWgrXg/,1,raised_hands::skin-tone-3:1,2,https://grid-angellist.enterprise.slack.com/archives/C0335KUH5AN/p1780414769710809
2026-06-02,09:06 PT,Joshua Noronha,Sweetgreen,https://drd.sh/cart/eD9mzNJDA4kE9ASK/,1,excited-2310:1,0,https://grid-angellist.enterprise.slack.com/archives/C0335KUH5AN/p1780416417360389
2026-06-02,12:35 PT,Ethan Braren,Boba,https://drd.sh/cart/eYxYavLiQBc9MOVe/,0,,17,https://grid-angellist.enterprise.slack.com/archives/C0335KUH5AN/p1780428927092639
2026-06-02,13:43 PT,Will Rosean,Unknown,https://drd.sh/cart/81o45JifO2dz4vdl/,1,hot_pepper:1,2,https://grid-angellist.enterprise.slack.com/archives/C0335KUH5AN/p1780433008650729
2026-06-02,13:49 PT,Matt Bilotti,La Dong,https://drd.sh/cart/SHaVXUAfXCwJ1xC5/,0,,3,https://grid-angellist.enterprise.slack.com/archives/C0335KUH5AN/p1780433371968769
2026-06-02,13:53 PT,Haley Young,Persian Grill,https://drd.sh/cart/e3qLRHq4yzf0KjXd/,6,thankyou-1506:4 fire:1 bless-your-heart:1,2,https://grid-angellist.enterprise.slack.com/archives/C0335KUH5AN/p1780433636961599
2026-06-02,15:10 PT,Maxim Kalinkin,Chipotle,https://drd.sh/cart/YOKE8fua9JZfOI82/,1,x:1,0,https://grid-angellist.enterprise.slack.com/archives/C0335KUH5AN/p1780438248928819
2026-06-03,08:32 PT,Bisher Anadani,Brasa,https://drd.sh/cart/YN07VqINNNQXfl5s/,3,eyesshaking:3,0,https://grid-angellist.enterprise.slack.com/archives/C0335KUH5AN/p1780500728782509
2026-06-03,08:38 PT,Jonah Lecker,Just Salad,https://drd.sh/cart/eOgs0g2pnBojufEj/,2,raised_hands::skin-tone-3:1 raised_hands:1,0,https://grid-angellist.enterprise.slack.com/archives/C0335KUH5AN/p1780501093959309
2026-06-03,09:10 PT,Asher Bykov,Daily Provisions,https://drd.sh/cart/pBUiLwrPhHGwDHCR/,0,,0,https://grid-angellist.enterprise.slack.com/archives/C0335KUH5AN/p1780503040704559
2026-06-03,09:17 PT,Jun Yoon,Unknown,https://drd.sh/cart/Ih02CJR3yTIdqBOc/,0,,2,https://grid-angellist.enterprise.slack.com/archives/C0335KUH5AN/p1780503450105429
2026-06-03,13:29 PT,Matt Bilotti,Blue Mountain,https://drd.sh/cart/3naDsxCl7wakVFIR/,0,,25,https://grid-angellist.enterprise.slack.com/archives/C0335KUH5AN/p1780518587157309
2026-06-03,13:47 PT,Leia Slosberg,Unknown,https://drd.sh/cart/ZiXHf3JE7w5L3QoI/,1,pray::skin-tone-2:1,7,https://grid-angellist.enterprise.slack.com/archives/C0335KUH5AN/p1780519659383929
2026-06-03,14:43 PT,Maxim Kalinkin,Sushi,https://drd.sh/cart/40zm8peCNCIRr9pZ/,0,,5,https://grid-angellist.enterprise.slack.com/archives/C0335KUH5AN/p1780522986873349
2026-06-04,08:30 PT,Khuzaima Maaz,Mexican Slop Bowl,https://drd.sh/cart/r6tn3PFrU8E0QtZU/,0,,0,https://grid-angellist.enterprise.slack.com/archives/C0335KUH5AN/p1780587056421879
2026-06-04,08:58 PT,Joe Rzonsa,Sweetgreen,https://drd.sh/cart/pn5DrzStxkwLRLyb/,0,,1,https://grid-angellist.enterprise.slack.com/archives/C0335KUH5AN/p1780588694648549
2026-06-04,09:00 PT,Sarah Zheng,Nubiani,https://drd.sh/cart/vsAx92wjspooj2ff/,3,gremlin-ohno:2 heart:1,3,https://grid-angellist.enterprise.slack.com/archives/C0335KUH5AN/p1780588846241869
2026-06-04,12:08 PT,Leia Slosberg,Boba,https://drd.sh/cart/Gz9ka8qmlAeSRPMd/,0,,1,https://grid-angellist.enterprise.slack.com/archives/C0335KUH5AN/p1780600113354969
2026-06-04,13:34 PT,Matt Bilotti,Thai,https://drd.sh/cart/T2mqZRuaDLaCZSXt/,0,,1,https://grid-angellist.enterprise.slack.com/archives/C0335KUH5AN/p1780605264269139
2026-06-04,13:34 PT,Sarah Zheng,Kame,https://drd.sh/cart/qwSuinP0qwpmTq1T/,0,,13,https://grid-angellist.enterprise.slack.com/archives/C0335KUH5AN/p1780605295389189
2026-06-04,13:46 PT,Ethan Braren,Cheli,https://drd.sh/cart/r0hdG6opBIoImf0c/,1,yay-frog:1,5,https://grid-angellist.enterprise.slack.com/archives/C0335KUH5AN/p1780606005618179
2026-06-04,14:05 PT,Jonah Lecker,Unknown,https://drd.sh/cart/Y5hbG5LWtsC55Awz/,0,,0,https://grid-angellist.enterprise.slack.com/archives/C0335KUH5AN/p1780607148174269
2026-06-04,14:51 PT,Will Rosean,Unknown,https://drd.sh/cart/K7nqbGgubYToV2TL/,0,,6,https://grid-angellist.enterprise.slack.com/archives/C0335KUH5AN/p1780609894050589
2026-06-05,06:17 PT,Tina Huang,Unknown,https://drd.sh/cart/mcjj8eyGoMiGdFXn/,3,cat-yes:2 eyes:1,1,https://grid-angellist.enterprise.slack.com/archives/C0335KUH5AN/p1780665433136709
2026-06-05,08:30 PT,Tina Huang,Okdongsik,https://drd.sh/cart/3iLILtBICOYCbFwY/,0,,12,https://grid-angellist.enterprise.slack.com/archives/C0335KUH5AN/p1780673414824319
2026-06-05,08:38 PT,Lavina Kalwani,35 West,https://drd.sh/cart/QFTpSwfKwJ53adQR/,3,raised_hands:3,10,https://grid-angellist.enterprise.slack.com/archives/C0335KUH5AN/p1780673883089129
2026-06-05,13:23 PT,Matt Bilotti,Blue Mountain,https://drd.sh/cart/qqEfrBzg2Hd1MbZs/,0,,0,https://grid-angellist.enterprise.slack.com/archives/C0335KUH5AN/p1780691007839499
2026-06-05,14:11 PT,Will Rosean,Brown Bag,https://drd.sh/cart/mFPIN5b0Kn0pUBvr/,0,,6,https://grid-angellist.enterprise.slack.com/archives/C0335KUH5AN/p1780693875110499
2026-06-08,06:20 PT,Amy Saks,Unknown,https://drd.sh/cart/o4m7IIgwJxkr9yMS/,0,,0,https://grid-angellist.enterprise.slack.com/archives/C0335KUH5AN/p1780924853423759
2026-06-08,08:56 PT,Joe Rzonsa,Ongi,https://drd.sh/cart/3yH56vULdhMIaCCo/,0,,3,https://grid-angellist.enterprise.slack.com/archives/C0335KUH5AN/p1780934190132929
2026-06-08,09:18 PT,Cody Maldonado,Unknown,https://drd.sh/cart/T4tIg3i42Gi02sg7/,1,eyes:1,1,https://grid-angellist.enterprise.slack.com/archives/C0335KUH5AN/p1780935482065979
2026-06-08,13:33 PT,Dre Ramirez Jr.,Blue Mountain,https://drd.sh/cart/yCEsBauWgoQgeN1K/,0,,2,https://grid-angellist.enterprise.slack.com/archives/C0335KUH5AN/p1780950815522499
2026-06-08,13:40 PT,Joe Rzonsa,Chicken,https://drd.sh/cart/3pExnjQSJHYGlKKn/,0,,0,https://grid-angellist.enterprise.slack.com/archives/C0335KUH5AN/p1780951251553489
2026-06-08,15:45 PT,Will Rosean,Unknown,https://drd.sh/cart/YquNrlPg7oSmXsY1/,0,,0,https://grid-angellist.enterprise.slack.com/archives/C0335KUH5AN/p1780958715568519
2026-06-09,08:13 PT,Haley Young,Avo,https://drd.sh/cart/oiMp6bUoNmju1fkb/,1,raised_hands:1,0,https://grid-angellist.enterprise.slack.com/archives/C0335KUH5AN/p1781018032816569
2026-06-09,09:12 PT,Maxim Kalinkin,Pura Vida,https://drd.sh/cart/nYBiJUsn48QQctoV/,2,fire:1 innocent:1,11,https://grid-angellist.enterprise.slack.com/archives/C0335KUH5AN/p1781021562931389
2026-06-09,09:38 PT,Nora Hafez,Terra,https://drd.sh/cart/rNX8cCWcnyGO0d63/,0,,3,https://grid-angellist.enterprise.slack.com/archives/C0335KUH5AN/p1781023098994669
2026-06-09,10:04 PT,Amy Saks,Crab Rangoon,https://drd.sh/cart/sUjPFwigk0sM4eRP/,0,,1,https://grid-angellist.enterprise.slack.com/archives/C0335KUH5AN/p1781024645067519
2026-06-09,13:23 PT,Jack Plank,Unknown,https://drd.sh/cart/uaDLWf3ESMK5Kfi6/,0,,0,https://grid-angellist.enterprise.slack.com/archives/C0335KUH5AN/p1781036639415179
2026-06-09,13:33 PT,Bisher Anadani,Georgian,https://drd.sh/cart/HWAQyD2s8sV25CFJ/,1,fire_on_fire:1,5,https://grid-angellist.enterprise.slack.com/archives/C0335KUH5AN/p1781037185549999
2026-06-09,13:33 PT,Jules Stewart,Mendys,https://drd.sh/cart/QJNeOVeqJxtC6Tza/,3,fire_on_fire:3,1,https://grid-angellist.enterprise.slack.com/archives/C0335KUH5AN/p1781037204857919
2026-06-10,08:31 PT,Jules Stewart,35,https://drd.sh/cart/2IQIz1HBJ25ZNdVY/,1,crown:1,0,https://grid-angellist.enterprise.slack.com/archives/C0335KUH5AN/p1781105492490649
2026-06-10,08:42 PT,Francesca O'Brien,Daily Provisions,https://drd.sh/cart/lMY2KZCezpUitgdY/,0,,1,https://grid-angellist.enterprise.slack.com/archives/C0335KUH5AN/p1781106141271129
2026-06-10,08:43 PT,Joe Rzonsa,Sweetgreen,https://drd.sh/cart/FOr4raEzq8Rpa8xi/,0,,0,https://grid-angellist.enterprise.slack.com/archives/C0335KUH5AN/p1781106228731409
2026-06-10,09:15 PT,Tina Huang,Unknown,https://drd.sh/cart/qtOEKlgMe97m2O0h/,2,raised_hands:2,1,https://grid-angellist.enterprise.slack.com/archives/C0335KUH5AN/p1781108101707529
2026-06-10,11:47 PT,Jack Plank,Jooy Tea,https://drd.sh/cart/bYFYbWMcaDzTbWvg/,0,,6,https://grid-angellist.enterprise.slack.com/archives/C0335KUH5AN/p1781117248042469
2026-06-10,13:19 PT,Cody Maldonado,Cheli,https://drd.sh/cart/wi2fpQaja7LVtEHs/,5,eyes:3 spongebob-awkard:1 noooo:1,3,https://grid-angellist.enterprise.slack.com/archives/C0335KUH5AN/p1781122783701889
2026-06-10,13:29 PT,Matt Bilotti,Thai Diner,https://drd.sh/cart/j9DCiH3hGtS8q2qe/,1,thankyou-1506:1,1,https://grid-angellist.enterprise.slack.com/archives/C0335KUH5AN/p1781123376906469
2026-06-10,14:39 PT,Colton Smith,Pura Vida,https://drd.sh/cart/y35Lh7w8PXTNia6R/,2,five:1 three:1,0,https://grid-angellist.enterprise.slack.com/archives/C0335KUH5AN/p1781127595719589
2026-06-11,08:11 PT,Khuzaima Maaz,Court St Grocers,https://drd.sh/cart/OR8gkDHGAcH0MQ32/,0,,0,https://grid-angellist.enterprise.slack.com/archives/C0335KUH5AN/p1781190717356699
2026-06-11,08:44 PT,Amy Saks,Sandwich,https://drd.sh/cart/ZLupE2WItbY0fFJF/,2,shaking-fist:1 rolling_on_the_floor_laughing:1,0,https://grid-angellist.enterprise.slack.com/archives/C0335KUH5AN/p1781192670746909
2026-06-11,12:06 PT,Haley Young,Tea,https://drd.sh/cart/QJm5xAX0mHhZdaMj/,1,lemon:1,0,https://grid-angellist.enterprise.slack.com/archives/C0335KUH5AN/p1781204787455429
2026-06-11,13:28 PT,Haley Young,Chinese,https://drd.sh/cart/nv81K3Wj00ck72IK/,3,excited1:3,2,https://grid-angellist.enterprise.slack.com/archives/C0335KUH5AN/p1781209704025909
2026-06-11,14:12 PT,Will Rosean,Bowl Slop,https://drd.sh/cart/kghLbioWadzeMbZ3/,2,white_check_mark:2,0,https://grid-angellist.enterprise.slack.com/archives/C0335KUH5AN/p1781212322583899
2026-06-11,14:44 PT,Colin Eifert,Dallas BBQ,https://drd.sh/cart/mn7yfsLuLmBsTs02/,5,cowboy-jeremyn:3 cowbolty-wolty:2,5,https://grid-angellist.enterprise.slack.com/archives/C0335KUH5AN/p1781214290116409
2026-06-12,06:28 PT,Lavina Kalwani,Daily Provisions,https://drd.sh/cart/BbvQj8QOfoiQP25r/,0,,0,https://grid-angellist.enterprise.slack.com/archives/C0335KUH5AN/p1781270895106209
2026-06-12,07:20 PT,Bisher Anadani,Unknown,https://drd.sh/cart/EvoEltNuqw0VIs1M/,1,raised_hands:1,1,https://grid-angellist.enterprise.slack.com/archives/C0335KUH5AN/p1781274055213379
2026-06-12,09:37 PT,Leia Slosberg,Sobaya,https://drd.sh/cart/VU1jRdLewSIChb7p/,1,ramen:1,0,https://grid-angellist.enterprise.slack.com/archives/C0335KUH5AN/p1781282259862669
2026-06-12,13:55 PT,Sarah Zheng,Unknown,https://drd.sh/cart/RktdnCCEAhOTddFK/,0,,0,https://grid-angellist.enterprise.slack.com/archives/C0335KUH5AN/p1781297737537989
2026-06-15,06:13 PT,Elisa DiMauro,Unknown,https://drd.sh/cart/sSwtYqhRDzkvzqi0/,0,,0,https://grid-angellist.enterprise.slack.com/archives/C0335KUH5AN/p1781529190481489
2026-06-15,07:00 PT,Jonathan Gans,Unknown,https://drd.sh/cart/7X0IVWx49ffdbGuX/,0,,1,https://grid-angellist.enterprise.slack.com/archives/C0335KUH5AN/p1781532051637889
2026-06-15,08:29 PT,Jonah Lecker,Poke,https://drd.sh/cart/hTHt92y1jXS5VApq/,1,x:1,1,https://grid-angellist.enterprise.slack.com/archives/C0335KUH5AN/p1781537355049859
2026-06-15,08:31 PT,Jack Plank,Chicken Caesar Wraps,https://drd.sh/cart/VRybbYlX1kaMVtmK/,0,,0,https://grid-angellist.enterprise.slack.com/archives/C0335KUH5AN/p1781537463841349
2026-06-15,08:58 PT,Tessa Coyle,Sweetgreen,https://drd.sh/cart/yZnbEvFvZwIXqjSo/,1,raised_hands:1,2,https://grid-angellist.enterprise.slack.com/archives/C0335KUH5AN/p1781539121360789
2026-06-15,13:30 PT,Jack Plank,Unknown,https://drd.sh/cart/4VVY3QUPDODvRTIT/,0,,11,https://grid-angellist.enterprise.slack.com/archives/C0335KUH5AN/p1781555432998449
2026-06-15,13:37 PT,Jonah Lecker,Deli,https://drd.sh/cart/skwKReojn2GhVp76/,0,,0,https://grid-angellist.enterprise.slack.com/archives/C0335KUH5AN/p1781555843884889
2026-06-15,13:54 PT,Jonathan Gans,Sushi,https://drd.sh/cart/5G6bFHjOSlA0izDG/,1,eyes:1,7,https://grid-angellist.enterprise.slack.com/archives/C0335KUH5AN/p1781556855793439
2026-06-15,14:28 PT,Will Rosean,Westville,https://drd.sh/cart/T4EKMRqmyNRVl5ou/,0,,0,https://grid-angellist.enterprise.slack.com/archives/C0335KUH5AN/p1781558937991479
2026-06-16,08:38 PT,Lavina Kalwani,5ive Spice,https://drd.sh/cart/v6dNYKCui0zOsecJ/,0,,1,https://grid-angellist.enterprise.slack.com/archives/C0335KUH5AN/p1781624309028759
2026-06-16,08:41 PT,Francesca O'Brien,Springbone,https://drd.sh/cart/b5xHwX9iEcKZ3ST0/,0,,6,https://grid-angellist.enterprise.slack.com/archives/C0335KUH5AN/p1781624485843149
2026-06-16,08:53 PT,Tessa Coyle,Donburiya,https://drd.sh/cart/1oz6aCotB9BMbiPE/,2,raised_hands::skin-tone-3:1 raised_hands:1,0,https://grid-angellist.enterprise.slack.com/archives/C0335KUH5AN/p1781625206002369
2026-06-16,08:54 PT,Jonathan Gans,Springbone,https://drd.sh/cart/Llulcqar2MpdzG5a/,0,,0,https://grid-angellist.enterprise.slack.com/archives/C0335KUH5AN/p1781625275835689
2026-06-16,09:34 PT,Maxim Kalinkin,Chipotle,https://drd.sh/cart/lzDE0VQa0btUYOhf/,3,lettuce:3,2,https://grid-angellist.enterprise.slack.com/archives/C0335KUH5AN/p1781627659804559
2026-06-16,12:07 PT,Tina Huang,Boba,https://drd.sh/cart/2IEQ2V4ZCklC86Sz/,5,boba:2 lfg:2 blob_sad:1,0,https://grid-angellist.enterprise.slack.com/archives/C0335KUH5AN/p1781636872821119
2026-06-16,13:37 PT,Sarah Zheng,Mikado,https://drd.sh/cart/DggIricLDXq12uKo/,0,,0,https://grid-angellist.enterprise.slack.com/archives/C0335KUH5AN/p1781642246127689
2026-06-16,13:58 PT,Tina Huang,Kame,https://drd.sh/cart/LyMIeUPWHRhmCwH5/,0,,1,https://grid-angellist.enterprise.slack.com/archives/C0335KUH5AN/p1781643539783419
2026-06-16,14:14 PT,Khuzaima Maaz,Au Za'atar,https://drd.sh/cart/UvIzIIPJVkyTRiAl/,0,,0,https://grid-angellist.enterprise.slack.com/archives/C0335KUH5AN/p1781644444470449
2026-06-17,06:14 PT,Jonathan Gans,Friedman's,https://drd.sh/cart/OZni3V0UMxUIMoJd/,0,,0,https://grid-angellist.enterprise.slack.com/archives/C0335KUH5AN/p1781702051912969
2026-06-17,07:51 PT,Haley Young,Westville,https://drd.sh/cart/4wnRuKBzNKEmycND/,0,,21,https://grid-angellist.enterprise.slack.com/archives/C0335KUH5AN/p1781707907713689
2026-06-17,08:35 PT,Jules Stewart,35 W,https://drd.sh/cart/TE6kvr1d9jnto2VB/,0,,6,https://grid-angellist.enterprise.slack.com/archives/C0335KUH5AN/p1781710514961599
2026-06-17,08:44 PT,Bisher Anadani,Ongi,https://drd.sh/cart/jHLC11w9vUyNynnL/,0,,7,https://grid-angellist.enterprise.slack.com/archives/C0335KUH5AN/p1781711070179439
2026-06-17,09:24 PT,Manav Mehta,JandJ,https://drd.sh/cart/5jiM5SZ452UU69IB/,3,ty_thankyou:1 white_check_mark:2,6,https://grid-angellist.enterprise.slack.com/archives/C0335KUH5AN/p1781713451008139
2026-06-17,09:25 PT,Nadia Koritareva,Westville,https://drd.sh/cart/oj6ya0Dj4dRBxiLt/,7,raised_hands:5 white_check_mark:2,9,https://grid-angellist.enterprise.slack.com/archives/C0335KUH5AN/p1781713557071449
2026-06-17,09:50 PT,Jeremy Navarro,Unknown,https://drd.sh/cart/XQAKBxW0Poa3IZwe/,2,raised_hands:1 superhero:1,0,https://grid-angellist.enterprise.slack.com/archives/C0335KUH5AN/p1781715004962669
2026-06-17,12:22 PT,Tina Huang,Boba,https://drd.sh/cart/GKzpNMVlbA4OidVR/,1,pray::skin-tone-3:1,1,https://grid-angellist.enterprise.slack.com/archives/C0335KUH5AN/p1781724142117359
2026-06-17,13:27 PT,Matt Bilotti,La Dong,https://drd.sh/cart/ULA6Tl7HtF5jzlT1/,0,,0,https://grid-angellist.enterprise.slack.com/archives/C0335KUH5AN/p1781728065597359
2026-06-17,13:37 PT,Bisher Anadani,Elenis,https://drd.sh/cart/vScSun93eGVgv2a1/,0,,0,https://grid-angellist.enterprise.slack.com/archives/C0335KUH5AN/p1781728670488489
2026-06-17,13:42 PT,Jack Plank,Sushi,https://drd.sh/cart/CnO0MpnYdIw1AbVM/,0,,0,https://grid-angellist.enterprise.slack.com/archives/C0335KUH5AN/p1781728925634849
2026-06-17,14:27 PT,Jonah Lecker,Unknown,https://drd.sh/cart/gSOfEHjWM8Tj6Y7B/,0,,0,https://grid-angellist.enterprise.slack.com/archives/C0335KUH5AN/p1781731660060099
2026-06-18,05:35 PT,Nick Downer,Ess-a-Bagel,https://drd.sh/cart/9C79bDPflZaelHA9/,4,fire_on_fire:4,1,https://grid-angellist.enterprise.slack.com/archives/C0335KUH5AN/p1781786139242789
2026-06-18,08:50 PT,Khuzaima Maaz,Sweetgreen,https://drd.sh/cart/4TZ7taRtWIztYYcD/,0,,0,https://grid-angellist.enterprise.slack.com/archives/C0335KUH5AN/p1781797843596959
2026-06-18,09:00 PT,Nora Hafez,Ilili,https://drd.sh/cart/Wj7gyZQEaRylbpDM/,2,raised_hands:1 raised_hands::skin-tone-3:1,0,https://grid-angellist.enterprise.slack.com/archives/C0335KUH5AN/p1781798440100989
2026-06-18,09:19 PT,Phillip Ellington II,Happy Tuna,https://drd.sh/cart/3JLHlIM9swgpZFLz/,2,raised_hands:1 fish:1,1,https://grid-angellist.enterprise.slack.com/archives/C0335KUH5AN/p1781799580947329
2026-06-18,14:24 PT,Jonathan Gans,Westville,https://drd.sh/cart/qHHywh2IzJFCuLO5/,0,,5,https://grid-angellist.enterprise.slack.com/archives/C0335KUH5AN/p1781817840388879
2026-06-22,05:47 PT,Anna Koh,Unknown,https://drd.sh/cart/er8GE8bvFAfocOHE/,1,fire:1,3,https://grid-angellist.enterprise.slack.com/archives/C0335KUH5AN/p1782132425901409
2026-06-22,06:29 PT,Jonathan Gans,Unknown,https://drd.sh/cart/so2YFLXNe48bYjM8/,0,,3,https://grid-angellist.enterprise.slack.com/archives/C0335KUH5AN/p1782134977857879
2026-06-22,08:30 PT,Anna Koh,Nubiani,https://drd.sh/cart/ZqDmOY70aPBddPc9/,1,clap:1,8,https://grid-angellist.enterprise.slack.com/archives/C0335KUH5AN/p1782142255635579
2026-06-22,09:03 PT,Joe Rzonsa,Springbone,https://drd.sh/cart/2WRWcGXPelNg6zCL/,0,,0,https://grid-angellist.enterprise.slack.com/archives/C0335KUH5AN/p1782144187992359
2026-06-22,09:42 PT,Ryan Bauman,Temakase,https://drd.sh/cart/doM5UCDsfpLFauXU/,0,,1,https://grid-angellist.enterprise.slack.com/archives/C0335KUH5AN/p1782146547146929
2026-06-22,13:08 PT,Will Rosean,Bowl Slop,https://drd.sh/cart/z69sSuM9ndQRkIc0/,1,fire:1,5,https://grid-angellist.enterprise.slack.com/archives/C0335KUH5AN/p1782158927870019
2026-06-22,14:04 PT,Matt Bilotti,Thai,https://drd.sh/cart/XJeuh2TXHlpYdwds/,2,raised_hands:1 raised_hands::skin-tone-3:1,3,https://grid-angellist.enterprise.slack.com/archives/C0335KUH5AN/p1782162265885119
2026-06-23,08:37 PT,Bisher Anadani,Lenwich,https://drd.sh/cart/CK8LWSonyh7hyKu1/,1,fire_on_fire:1,0,https://grid-angellist.enterprise.slack.com/archives/C0335KUH5AN/p1782229026690059
2026-06-23,08:37 PT,Khuzaima Maaz,Ongi,https://drd.sh/cart/ihysuzQWYiN8qtqp/,2,eyes:1 raised_hands:1,3,https://grid-angellist.enterprise.slack.com/archives/C0335KUH5AN/p1782229037840119
2026-06-23,08:51 PT,Cody Maldonado,Unknown,https://drd.sh/cart/kQgH53Cp5YGH2QH5/,4,raised_hands:2 fire_on_fire:2,0,https://grid-angellist.enterprise.slack.com/archives/C0335KUH5AN/p1782229867107189
2026-06-23,12:55 PT,Leia Slosberg,Boba,https://drd.sh/cart/tz697Pgd4xAZDBGP/,0,,0,https://grid-angellist.enterprise.slack.com/archives/C0335KUH5AN/p1782244547177629
2026-06-23,13:22 PT,Nadia Koritareva,Chinese,https://drd.sh/cart/s72u5T3amgjSbl4q/,3,alexis-gasp-omg:1 yas:2,26,https://grid-angellist.enterprise.slack.com/archives/C0335KUH5AN/p1782246132296249
2026-06-23,13:30 PT,Jack Plank,LPB,https://drd.sh/cart/UQuRq4F1SjDlAvbJ/,1,heart:1,1,https://grid-angellist.enterprise.slack.com/archives/C0335KUH5AN/p1782246602083539
2026-06-23,15:04 PT,Jonathan Gans,Sweetgreen,https://drd.sh/cart/3gf4UuUzS3rqqTGw/,0,,0,https://grid-angellist.enterprise.slack.com/archives/C0335KUH5AN/p1782252258061479
2026-06-24,08:27 PT,Jonathan Gans,Sweetgreen,https://drd.sh/cart/W8iqgfNbaAyyghIO/,0,,2,https://grid-angellist.enterprise.slack.com/archives/C0335KUH5AN/p1782314840421859
2026-06-24,08:32 PT,Jules Stewart,35,https://drd.sh/cart/gW1fNavd0mKDj1Kj/,1,partying_face:1,16,https://grid-angellist.enterprise.slack.com/archives/C0335KUH5AN/p1782315165217579
2026-06-24,09:02 PT,Khuzaima Maaz,Chipotle,https://drd.sh/cart/usaeC6soDmgkq0b9/,0,,0,https://grid-angellist.enterprise.slack.com/archives/C0335KUH5AN/p1782316929570869
2026-06-24,10:18 PT,Asher Bykov,Sweetgreen,https://drd.sh/cart/6O9PoM204WeO9yYS/,0,,0,https://grid-angellist.enterprise.slack.com/archives/C0335KUH5AN/p1782321539284299
2026-06-24,12:02 PT,Tina Huang,Boba,https://drd.sh/cart/PHf4SJS3o107z9BM/,0,,17,https://grid-angellist.enterprise.slack.com/archives/C0335KUH5AN/p1782327774467669
2026-06-24,13:38 PT,Matt Bilotti,Blue Mountain,https://drd.sh/cart/LJIgSd5SnpP9IPPL/,1,fire_on_fire:1,2,https://grid-angellist.enterprise.slack.com/archives/C0335KUH5AN/p1782333504256729
2026-06-24,13:39 PT,Haley Young,Korean,https://drd.sh/cart/63Zxxp32D2vew3N2/,0,,18,https://grid-angellist.enterprise.slack.com/archives/C0335KUH5AN/p1782333549571319
2026-06-24,13:39 PT,Leia Slosberg,Au Za'atar,https://drd.sh/cart/Z4299sbsssHpIDey/,1,lfgg:1,0,https://grid-angellist.enterprise.slack.com/archives/C0335KUH5AN/p1782333598283579
2026-06-24,14:17 PT,Jack Plank,Chipotle,https://drd.sh/cart/dmU21UfoahHKSyuE/,0,,0,https://grid-angellist.enterprise.slack.com/archives/C0335KUH5AN/p1782335836485819
2026-06-25,08:36 PT,Khuzaima Maaz,Viet,https://drd.sh/cart/HmheabZJ4a2yQpH0/,0,,0,https://grid-angellist.enterprise.slack.com/archives/C0335KUH5AN/p1782401773057519
2026-06-25,08:43 PT,Haley Young,Springbone,https://drd.sh/cart/dNrPlM2mrlNIU11p/,0,,0,https://grid-angellist.enterprise.slack.com/archives/C0335KUH5AN/p1782402226125559
2026-06-25,09:04 PT,Leia Slosberg,Westville,https://drd.sh/cart/8kYJeZTZDScfZ7zl/,1,crown:1,0,https://grid-angellist.enterprise.slack.com/archives/C0335KUH5AN/p1782403468602109
2026-06-25,13:32 PT,Haley Young,Unknown,https://drd.sh/cart/VOcl8CBukr7pOwCU/,0,,7,https://grid-angellist.enterprise.slack.com/archives/C0335KUH5AN/p1782419528860879
2026-06-25,13:33 PT,Matt Bilotti,Mikado,https://drd.sh/cart/v2MdyZIYWF0zmYk0/,1,fire_on_fire:1,4,https://grid-angellist.enterprise.slack.com/archives/C0335KUH5AN/p1782419627712039
2026-06-25,14:04 PT,Jonah Lecker,Deli,https://drd.sh/cart/59cXV13YFOQ4WScI/,0,,0,https://grid-angellist.enterprise.slack.com/archives/C0335KUH5AN/p1782421457451009
2026-06-25,14:18 PT,Jonathan Gans,Sweetgreen,https://drd.sh/cart/XyqCosjfptwwDuDs/,7,rolling_on_the_floor_laughing:2 leafy_green:2 pray-intensifies:1 extreme-teamwork:1 rockets_3:1,2,https://grid-angellist.enterprise.slack.com/archives/C0335KUH5AN/p1782422334001189
2026-06-26,05:54 PT,Lavina Kalwani,Inn Breakfast & Brunch Cafe,https://drd.sh/cart/JqKE9lTIjhnaoZF9/,0,,0,https://grid-angellist.enterprise.slack.com/archives/C0335KUH5AN/p1782478496668199
2026-06-26,06:27 PT,Jonathan Gans,Friedman's,https://drd.sh/cart/SQOQbnT9V03Kd0bW/,0,,4,https://grid-angellist.enterprise.slack.com/archives/C0335KUH5AN/p1782480424945809
2026-06-26,08:49 PT,Jonathan Gans,Sweetgreen,https://drd.sh/cart/pkJxZLfN99Lg0SkM/,0,,12,https://grid-angellist.enterprise.slack.com/archives/C0335KUH5AN/p1782488997799389
2026-06-26,09:30 PT,Jonah Lecker,Sobaya,https://drd.sh/cart/MHky65VVq4LHQTY2/,0,,1,https://grid-angellist.enterprise.slack.com/archives/C0335KUH5AN/p1782491407498279
2026-06-26,10:15 PT,Sarah Zheng,Unknown,https://drd.sh/cart/4ICj8SyYw3ZoxDSX/,1,raised_hands:1,4,https://grid-angellist.enterprise.slack.com/archives/C0335KUH5AN/p1782494118068079
2026-06-26,11:19 PT,Joe Rzonsa,Juice,https://drd.sh/cart/Fari0yozuYqzNVIJ/,0,,0,https://grid-angellist.enterprise.slack.com/archives/C0335KUH5AN/p1782497995068659
2026-06-26,12:11 PT,Sarah Zheng,Teapulse,https://drd.sh/cart/Ap4qZaCHG7yMkdA1/,1,raised_hands:1,2,https://grid-angellist.enterprise.slack.com/archives/C0335KUH5AN/p1782501074893089
2026-06-26,13:42 PT,Nora Hafez,Au Za'atar,https://drd.sh/cart/0g63dpwqs0ORIWE9/,0,,0,https://grid-angellist.enterprise.slack.com/archives/C0335KUH5AN/p1782506527949209
2026-06-26,14:13 PT,Joe Rzonsa,Daily Provisions,https://drd.sh/cart/sqgWyvCeOGdBEigz/,0,,0,https://grid-angellist.enterprise.slack.com/archives/C0335KUH5AN/p1782508389358939
2026-06-26,14:20 PT,Leia Slosberg,Soosh,https://drd.sh/cart/TxQveub99u1tN8MB/,2,fire:2,0,https://grid-angellist.enterprise.slack.com/archives/C0335KUH5AN/p1782508839441759
2026-06-26,14:40 PT,Jun Yoon,Ilili,https://drd.sh/cart/8qIUN7Px0hesLZp3/,0,,0,https://grid-angellist.enterprise.slack.com/archives/C0335KUH5AN/p1782510043519229
2026-06-29,05:56 PT,Anna Koh,Unknown,https://drd.sh/cart/WUeIbglSCE7qwq51/,1,pensive:1,0,https://grid-angellist.enterprise.slack.com/archives/C0335KUH5AN/p1782737778363179
2026-06-29,06:33 PT,Jonathan Gans,Friedman's,https://drd.sh/cart/ZVuwXtTN9MTzSIfZ/,0,,9,https://grid-angellist.enterprise.slack.com/archives/C0335KUH5AN/p1782739992453029
2026-06-29,06:33 PT,Anna Koh,Unknown,https://drd.sh/cart/ABNz9fr2Rgg9Tu7P/,1,eyes:1,4,https://grid-angellist.enterprise.slack.com/archives/C0335KUH5AN/p1782740027518049
2026-06-29,08:46 PT,Francesca O'Brien,Daily Provisions,https://drd.sh/cart/tKwWyAFz6BjiL93L/,0,,0,https://grid-angellist.enterprise.slack.com/archives/C0335KUH5AN/p1782747982835099
2026-06-29,08:56 PT,Joe Rzonsa,Terra,https://drd.sh/cart/SOd8Td9GGjqVtkzf/,0,,0,https://grid-angellist.enterprise.slack.com/archives/C0335KUH5AN/p1782748589398299
2026-06-29,09:08 PT,Amy Saks,Lenwich,https://drd.sh/cart/Q4IEI3AhUBSRvSHf/,0,,1,https://grid-angellist.enterprise.slack.com/archives/C0335KUH5AN/p1782749285654559
2026-06-29,10:24 PT,Jonathan Gans,Westville,https://drd.sh/cart/DbfwV4pdmZchQUKo/,0,,0,https://grid-angellist.enterprise.slack.com/archives/C0335KUH5AN/p1782753891136029
2026-06-29,13:36 PT,Matt Bilotti,Thai Diner,https://drd.sh/cart/y2hg1IjI9wDPEB3D/,0,,5,https://grid-angellist.enterprise.slack.com/archives/C0335KUH5AN/p1782765372175989
2026-06-29,13:41 PT,Jack Plank,Sushi,https://drd.sh/cart/F8Pvj2AKS1kIIjL7/,0,,1,https://grid-angellist.enterprise.slack.com/archives/C0335KUH5AN/p1782765690340999
2026-06-29,13:53 PT,Joe Rzonsa,Pierogi,https://drd.sh/cart/58mS1BfvN5HAiG08/,0,,0,https://grid-angellist.enterprise.slack.com/archives/C0335KUH5AN/p1782766388109769
2026-06-29,14:10 PT,Jun Yoon,LPB,https://drd.sh/cart/8gJVWhOcPIWDj2XL/,0,,0,https://grid-angellist.enterprise.slack.com/archives/C0335KUH5AN/p1782767414199679
2026-06-30,08:42 PT,Khuzaima Maaz,Ongi,https://drd.sh/cart/Rt0LZCcnp1PaRoEF/,1,rat:1,10,https://grid-angellist.enterprise.slack.com/archives/C0335KUH5AN/p1782834166550329
2026-06-30,09:09 PT,Jonathan Gans,Sweetgreen,https://drd.sh/cart/apuJiYiKxki8aQXZ/,0,,6,https://grid-angellist.enterprise.slack.com/archives/C0335KUH5AN/p1782835741340839
2026-06-30,09:13 PT,Cody Maldonado,Unknown,https://drd.sh/cart/fOg5jMs4M7Ir44Bm/,3,fire:3,3,https://grid-angellist.enterprise.slack.com/archives/C0335KUH5AN/p1782835991453149
2026-06-30,09:55 PT,Jeremy Navarro,Daily Provisions,https://drd.sh/cart/jP7YMHitK0oj3Cbl/,2,thank_you:2,0,https://grid-angellist.enterprise.slack.com/archives/C0335KUH5AN/p1782838540662029
2026-06-30,13:23 PT,Jack Plank,Unknown,https://drd.sh/cart/sqXRqcD2Ewsw81UQ/,0,,0,https://grid-angellist.enterprise.slack.com/archives/C0335KUH5AN/p1782851039067109
2026-06-30,13:46 PT,Bisher Anadani,Turkish,https://drd.sh/cart/zvuSSXzGLYsvsMfX/,0,,0,https://grid-angellist.enterprise.slack.com/archives/C0335KUH5AN/p1782852395788319
2026-06-30,13:54 PT,Colin Eifert,Italian,https://drd.sh/cart/3vp4pl7XTS9ef5My/,0,,0,https://grid-angellist.enterprise.slack.com/archives/C0335KUH5AN/p1782852870278919
2026-06-30,13:58 PT,Joe Rzonsa,Daily Provisions,https://drd.sh/cart/Twf4ft9VqlseDi2m/,0,,0,https://grid-angellist.enterprise.slack.com/archives/C0335KUH5AN/p1782853119194949
2026-06-30,14:37 PT,Tina Huang,Unknown,https://drd.sh/cart/JQeeV9WtQkyK8D8s/,1,nodq:1,4,https://grid-angellist.enterprise.slack.com/archives/C0335KUH5AN/p1782855458422569
2026-06-30,14:47 PT,Nora Hafez,Coqodaq,https://drd.sh/cart/4dH5dh8bjoeFLyI3/,0,,3,https://grid-angellist.enterprise.slack.com/archives/C0335KUH5AN/p1782856052139309
2026-06-30,14:59 PT,Tina Huang,Unknown,https://drd.sh/cart/L9qbAkFvASNQr7P7/,2,eyes:2,0,https://grid-angellist.enterprise.slack.com/archives/C0335KUH5AN/p1782856752795899
2026-07-01,09:02 PT,Amy Saks,35 West,https://drd.sh/cart/JmtCksdk5FkaWICG/,0,,1,https://grid-angellist.enterprise.slack.com/archives/C0335KUH5AN/p1782921742784189
2026-07-01,09:12 PT,Joe Rzonsa,Pura Vida,https://drd.sh/cart/2OKvY3hlxdvX3CRb/,0,,4,https://grid-angellist.enterprise.slack.com/archives/C0335KUH5AN/p1782922371694929
2026-07-01,11:05 PT,Haley Young,IYKYK,https://drd.sh/cart/2rB2dIWicWivxS6Z/,1,fire_on_fire:1,24,https://grid-angellist.enterprise.slack.com/archives/C0335KUH5AN/p1782929147680069
2026-07-01,13:21 PT,Jack Plank,Unknown,https://drd.sh/cart/xduokkGkBCt6XZlp/,0,,0,https://grid-angellist.enterprise.slack.com/archives/C0335KUH5AN/p1782937277500349
2026-07-01,13:23 PT,Will Rosean,IYKYK,https://drd.sh/cart/JOM4fYW54yCQ72Dw/,0,,5,https://grid-angellist.enterprise.slack.com/archives/C0335KUH5AN/p1782937389363489
2026-07-01,13:32 PT,Matt Bilotti,Sushi,https://drd.sh/cart/aGKlWytIq8Ykvcf8/,0,,1,https://grid-angellist.enterprise.slack.com/archives/C0335KUH5AN/p1782937939414999
2026-07-01,13:48 PT,Will Rosean,Unknown,https://drd.sh/cart/kheI8GxosUnhr6cW/,4,rolling_on_the_floor_laughing:3 confused-2:1,14,https://grid-angellist.enterprise.slack.com/archives/C0335KUH5AN/p1782938924439159
2026-07-01,13:48 PT,Joe Rzonsa,Tacos,https://drd.sh/cart/weKGGEcDqNRiF9SM/,1,heart_on_fire:1,0,https://grid-angellist.enterprise.slack.com/archives/C0335KUH5AN/p1782938932723879
2026-07-01,14:25 PT,Nora Hafez,Ilili,https://drd.sh/cart/KulY5m1MtNTsaKKR/,2,sweat_smile:1 white_check_mark:1,0,https://grid-angellist.enterprise.slack.com/archives/C0335KUH5AN/p1782941118734269
2026-07-02,07:23 PT,Jonathan Gans,Unknown,https://drd.sh/cart/DxcCWl9XtsOO5OaS/,0,,9,https://grid-angellist.enterprise.slack.com/archives/C0335KUH5AN/p1783002209152619
2026-07-02,09:11 PT,Tina Huang,Westville,https://drd.sh/cart/IGqcchqPnu2OgUm4/,1,pray:1,1,https://grid-angellist.enterprise.slack.com/archives/C0335KUH5AN/p1783008667863379
2026-07-02,13:35 PT,Ann Suh,Unknown,https://drd.sh/cart/MiWulqO9hDsTvdZH/,1,fire:1,2,https://grid-angellist.enterprise.slack.com/archives/C0335KUH5AN/p1783024519128309
2026-07-06,06:28 PT,Jonathan Gans,Unknown,https://drd.sh/cart/GqKjmWkhQr4gzBXj/,0,,2,https://grid-angellist.enterprise.slack.com/archives/C0335KUH5AN/p1783344539094219
2026-07-06,08:53 PT,Asher Bykov,Sweetgreen,https://drd.sh/cart/w457koPAVHSzb4gu/,0,,4,https://grid-angellist.enterprise.slack.com/archives/C0335KUH5AN/p1783353230050179
2026-07-06,08:59 PT,Francesca O'Brien,Daily Provisions,https://drd.sh/cart/Fx3f2kJrYdhGAOjA/,0,,0,https://grid-angellist.enterprise.slack.com/archives/C0335KUH5AN/p1783353590705379
2026-07-06,09:08 PT,Anna Koh,Korean,https://drd.sh/cart/7thnZ0K6qr6E3wUl/,0,,5,https://grid-angellist.enterprise.slack.com/archives/C0335KUH5AN/p1783354092554469
2026-07-06,13:44 PT,Matt Bilotti,Sushi,https://drd.sh/cart/epL89QjoeRUrojnz/,0,,2,https://grid-angellist.enterprise.slack.com/archives/C0335KUH5AN/p1783370675458649
2026-07-06,14:26 PT,Anna Koh,Westville,https://drd.sh/cart/kkWgCAvBhf04oPAp/,0,,5,https://grid-angellist.enterprise.slack.com/archives/C0335KUH5AN/p1783373168511519
2026-07-07,08:32 PT,Khuzaima Maaz,Unknown,https://drd.sh/cart/hXP9eSztIHoJrBLv/,0,,3,https://grid-angellist.enterprise.slack.com/archives/C0335KUH5AN/p1783438369892659
2026-07-07,08:35 PT,Jonah Lecker,Just Salad,https://drd.sh/cart/bbmgb8IA8liIMupq/,0,,0,https://grid-angellist.enterprise.slack.com/archives/C0335KUH5AN/p1783438503221749
2026-07-07,08:50 PT,Aisha Ahamed,Korean,https://drd.sh/cart/0s65kxoRDPQTWLYM/,0,,0,https://grid-angellist.enterprise.slack.com/archives/C0335KUH5AN/p1783439408324549
2026-07-07,09:16 PT,Dre Ramirez Jr.,Counter Service,https://drd.sh/cart/ZGi5zpu8Fffn9nOV/,0,,0,https://grid-angellist.enterprise.slack.com/archives/C0335KUH5AN/p1783441002233009
2026-07-07,09:18 PT,Asher Bykov,Sweetgreen,https://drd.sh/cart/3cYuytMkcW52C0mw/,0,,1,https://grid-angellist.enterprise.slack.com/archives/C0335KUH5AN/p1783441114147439
2026-07-07,09:51 PT,Jun Yoon,Unknown,https://drd.sh/cart/YnTWMt7gupgQijRL/,1,crying_kim:1,0,https://grid-angellist.enterprise.slack.com/archives/C0335KUH5AN/p1783443119333889
2026-07-07,11:27 PT,Haley Young,Pick Me Up,https://drd.sh/cart/u8xwEWJOtXuJIs0u/,0,,1,https://grid-angellist.enterprise.slack.com/archives/C0335KUH5AN/p1783448875149099
2026-07-07,13:27 PT,Nadia Koritareva,Obao NYC,https://drd.sh/cart/6AzH9oogV3brzYbN/,0,,5,https://grid-angellist.enterprise.slack.com/archives/C0335KUH5AN/p1783456063834039
2026-07-07,14:00 PT,Khuzaima Maaz,Gup Shup,https://drd.sh/cart/rsanGyEIIdQdexKu/,3,fomo:2 fire:1,0,https://grid-angellist.enterprise.slack.com/archives/C0335KUH5AN/p1783458048662379
2026-07-07,14:06 PT,Leia Slosberg,Katsu,https://drd.sh/cart/TWxSccyK0CBqVqtT/,0,,4,https://grid-angellist.enterprise.slack.com/archives/C0335KUH5AN/p1783458371799349
2026-07-08,08:51 PT,Josh Trujillo,Lenwich,https://drd.sh/cart/IyTugbSMFVgKyPTT/,2,eyes:2,0,https://grid-angellist.enterprise.slack.com/archives/C0335KUH5AN/p1783525872562359
2026-07-08,08:51 PT,Jonathan Gans,Sushi,https://drd.sh/cart/we3gWlQQHHIHvyD0/,0,,0,https://grid-angellist.enterprise.slack.com/archives/C0335KUH5AN/p1783525910635769
2026-07-08,11:55 PT,Ethan Braren,Boba,https://drd.sh/cart/E1i7qr3VT7ESRvr4/,2,lying-dead:2,3,https://grid-angellist.enterprise.slack.com/archives/C0335KUH5AN/p1783536931909299
2026-07-08,13:20 PT,Jack Plank,Sushi,https://drd.sh/cart/5yOA7TnOXIrt8Hrj/,0,,8,https://grid-angellist.enterprise.slack.com/archives/C0335KUH5AN/p1783542053536689
2026-07-08,13:51 PT,Tina Huang,Samwoojung,https://drd.sh/cart/WfCr3bvcv2VLmZKt/,5,heart:3 smiling_face_with_tear:2,5,https://grid-angellist.enterprise.slack.com/archives/C0335KUH5AN/p1783543918879999
2026-07-08,14:04 PT,Khuzaima Maaz,Chipotle,https://drd.sh/cart/MvCq3HzSFBFa31kB/,0,,3,https://grid-angellist.enterprise.slack.com/archives/C0335KUH5AN/p1783544658795129
2026-07-09,07:10 PT,Jonathan Gans,Unknown,https://drd.sh/cart/3U41j61DGFH4x8AC/,0,,0,https://grid-angellist.enterprise.slack.com/archives/C0335KUH5AN/p1783606256923439
2026-07-09,08:39 PT,Khuzaima Maaz,Compton's,https://drd.sh/cart/hyaDxPry9YFNJmhg/,0,,0,https://grid-angellist.enterprise.slack.com/archives/C0335KUH5AN/p1783611565928269
2026-07-09,08:40 PT,Nadia Koritareva,Poke Bowl,https://drd.sh/cart/EM8wVfKN2MiiJRsf/,3,fire:3,2,https://grid-angellist.enterprise.slack.com/archives/C0335KUH5AN/p1783611628252719
2026-07-09,08:46 PT,Aisha Ahamed,Japanese,https://drd.sh/cart/Qb95rzI1XKbSsf4j/,0,,0,https://grid-angellist.enterprise.slack.com/archives/C0335KUH5AN/p1783612004879689
2026-07-09,08:54 PT,Francesca O'Brien,Poke Bowl,https://drd.sh/cart/hssku52zd2byDdXO/,2,eyes:1 pray:1,1,https://grid-angellist.enterprise.slack.com/archives/C0335KUH5AN/p1783612483833509
2026-07-09,09:23 PT,Colin Eifert,Blue Mountain,https://drd.sh/cart/4hIfVyoJ3RkZEfHk/,0,,7,https://grid-angellist.enterprise.slack.com/archives/C0335KUH5AN/p1783614211752009
2026-07-09,09:57 PT,Manav Mehta,Unknown,https://drd.sh/cart/WjC2xEf9CfDa8VPn/,2,white_check_mark:2,0,https://grid-angellist.enterprise.slack.com/archives/C0335KUH5AN/p1783616256746009
2026-07-09,10:58 PT,Leia Slosberg,Boba,https://drd.sh/cart/xT8lxXnjUkUt5fnN/,0,,1,https://grid-angellist.enterprise.slack.com/archives/C0335KUH5AN/p1783619889777459
2026-07-09,13:03 PT,Dre Ramirez Jr.,Smashy,https://drd.sh/cart/izzAzqOujZCwuK8K/,1,dancing_penguin-728:1,1,https://grid-angellist.enterprise.slack.com/archives/C0335KUH5AN/p1783627422932689
2026-07-09,13:06 PT,Matt Bilotti,La Dong,https://drd.sh/cart/ocenD0p9AkwNzhVb/,0,,3,https://grid-angellist.enterprise.slack.com/archives/C0335KUH5AN/p1783627565376199
2026-07-09,13:10 PT,Jack Plank,The Villa,https://drd.sh/cart/o5VqRSx4l8wLgKd6/,0,,0,https://grid-angellist.enterprise.slack.com/archives/C0335KUH5AN/p1783627809640269
2026-07-09,13:34 PT,Jun Yoon,Ichibantei,https://drd.sh/cart/JAGX96njZUsEKKLU/,0,,1,https://grid-angellist.enterprise.slack.com/archives/C0335KUH5AN/p1783629294360729
2026-07-09,15:29 PT,Jonah Lecker,Unknown,https://drd.sh/cart/2wdm8YuqxGcJcyHL/,0,,1,https://grid-angellist.enterprise.slack.com/archives/C0335KUH5AN/p1783636178903379
2026-07-10,06:22 PT,Jonathan Gans,Unknown,https://drd.sh/cart/ZMSZ13HEnpZEZtJI/,0,,3,https://grid-angellist.enterprise.slack.com/archives/C0335KUH5AN/p1783689726787079
2026-07-10,07:46 PT,Jack Plank,Lenwich,https://drd.sh/cart/PUzlgnJx3jHU9Z4c/,0,,6,https://grid-angellist.enterprise.slack.com/archives/C0335KUH5AN/p1783694817985529
2026-07-10,08:24 PT,Ethan Braren,Unknown,https://drd.sh/cart/9xne7EdgBW6MBu2s/,0,,1,https://grid-angellist.enterprise.slack.com/archives/C0335KUH5AN/p1783697076288759
2026-07-10,09:40 PT,Jonathan Gans,Sweetgreen,https://drd.sh/cart/Psi57bTd7gb540C7/,0,,0,https://grid-angellist.enterprise.slack.com/archives/C0335KUH5AN/p1783701608938439
2026-07-10,13:32 PT,Matt Bilotti,Sushi,https://drd.sh/cart/1lcaq9qQSdsPaPuJ/,0,,19,https://grid-angellist.enterprise.slack.com/archives/C0335KUH5AN/p1783715562199809
2026-07-13,06:15 PT,Elisa DiMauro,Slate,https://drd.sh/cart/T7E64hjAlFAO9KTH/,0,,3,https://grid-angellist.enterprise.slack.com/archives/C0335KUH5AN/p1783948517795219
2026-07-13,06:56 PT,Tarina Touret,The Elk,https://drd.sh/cart/xAP5R8QQ25Ne3J7c/,0,,0,https://grid-angellist.enterprise.slack.com/archives/C0335KUH5AN/p1783950992656279
2026-07-13,09:11 PT,Francesca O'Brien,Dig,https://drd.sh/cart/RmBngLqbarlFaBU6/,0,,0,https://grid-angellist.enterprise.slack.com/archives/C0335KUH5AN/p1783959066973449
2026-07-13,09:34 PT,Jonathan Gans,Sushi,https://drd.sh/cart/H6cy3XPdHCOKQM7r/,0,,0,https://grid-angellist.enterprise.slack.com/archives/C0335KUH5AN/p1783960479460729
2026-07-13,09:38 PT,Asher Bykov,Pura Vida,https://drd.sh/cart/Kmj1gKzgFVQm0RZB/,0,,0,https://grid-angellist.enterprise.slack.com/archives/C0335KUH5AN/p1783960721109869
2026-07-13,13:39 PT,Jack Plank,Unknown,https://drd.sh/cart/zzJ1W5n3Hc1ndnzT/,0,,1,https://grid-angellist.enterprise.slack.com/archives/C0335KUH5AN/p1783975168723649
2026-07-13,13:42 PT,Francesca O'Brien,Chipotle,https://drd.sh/cart/EDwGA2v87mvv9GVT/,2,eyes:2,1,https://grid-angellist.enterprise.slack.com/archives/C0335KUH5AN/p1783975353403729
2026-07-13,14:04 PT,Tina Huang,Unknown,https://drd.sh/cart/WGoRY7oLMWxdkPDM/,0,,0,https://grid-angellist.enterprise.slack.com/archives/C0335KUH5AN/p1783976660615329
2026-07-14,06:16 PT,Jonathan Gans,Friedman's,https://drd.sh/cart/fWOwD40uTg9mHIrd/,0,,0,https://grid-angellist.enterprise.slack.com/archives/C0335KUH5AN/p1784035006083289
2026-07-14,08:32 PT,Nora Hafez,Lin & Daughters,https://drd.sh/cart/8OJDmB5BIp8tkPYa/,1,white_check_mark:1,0,https://grid-angellist.enterprise.slack.com/archives/C0335KUH5AN/p1784043137483929
2026-07-14,08:32 PT,Khuzaima Maaz,Ongi,https://drd.sh/cart/h0ZqXefiWeqb9EAj/,0,,0,https://grid-angellist.enterprise.slack.com/archives/C0335KUH5AN/p1784043176082599
2026-07-14,08:43 PT,Haley Young,Avo,https://drd.sh/cart/c0AZ6bATq6tUZ8v8/,0,,0,https://grid-angellist.enterprise.slack.com/archives/C0335KUH5AN/p1784043813287889
2026-07-14,08:53 PT,Aisha Ahamed,Dim Sum Sam,https://drd.sh/cart/WZjyfqcOOXZGFWMm/,0,,3,https://grid-angellist.enterprise.slack.com/archives/C0335KUH5AN/p1784044409306009
2026-07-14,09:23 PT,Madison Friedman,Sandies,https://drd.sh/cart/JSBYeEsVgxtF3NQt/,2,fire:1 heart_hands:1,0,https://grid-angellist.enterprise.slack.com/archives/C0335KUH5AN/p1784046197197779
2026-07-14,13:49 PT,Khuzaima Maaz,Persian,https://drd.sh/cart/wgLPTgqDGyQwDvi5/,2,blob-aww:2,8,https://grid-angellist.enterprise.slack.com/archives/C0335KUH5AN/p1784062199466729
2026-07-14,13:51 PT,Matt Bilotti,Thai Diner,https://drd.sh/cart/CEV0qSerahPOZV1M/,0,,2,https://grid-angellist.enterprise.slack.com/archives/C0335KUH5AN/p1784062298886809
2026-07-14,14:43 PT,Jeremy Navarro,Oishibay,https://drd.sh/cart/CCVmDVtMNQs0y3UK/,1,ty:1,1,https://grid-angellist.enterprise.slack.com/archives/C0335KUH5AN/p1784065411263039
2026-07-14,15:10 PT,Ryan Bauman,Sushi,https://drd.sh/cart/hwO6jST7Z5ttAyed/,0,,0,https://grid-angellist.enterprise.slack.com/archives/C0335KUH5AN/p1784067035698599
2026-07-15,08:25 PT,Madison Friedman,35 West,https://drd.sh/cart/QjH5OOizC6Ve6DtF/,0,,0,https://grid-angellist.enterprise.slack.com/archives/C0335KUH5AN/p1784129100882369
2026-07-15,08:59 PT,Jonathan Gans,Sweetgreen,https://drd.sh/cart/wHiHrWOLrEuppara/,4,sweet:4,0,https://grid-angellist.enterprise.slack.com/archives/C0335KUH5AN/p1784131166647639
2026-07-15,09:52 PT,Josh Trujillo,Westville,https://drd.sh/cart/xwenArgrrEVIX1u7/,2,white_check_mark:1 eyes:1,2,https://grid-angellist.enterprise.slack.com/archives/C0335KUH5AN/p1784134340758949
2026-07-15,13:36 PT,Jack Plank,Sushi,https://drd.sh/cart/PRwyAmQI4kaDAIRE/,0,,0,https://grid-angellist.enterprise.slack.com/archives/C0335KUH5AN/p1784147766434449
2026-07-15,13:37 PT,Amy Saks,Chipotle,https://drd.sh/cart/G2c9wkoez3YbYgAn/,0,,2,https://grid-angellist.enterprise.slack.com/archives/C0335KUH5AN/p1784147830492939
2026-07-15,13:41 PT,Matt Bilotti,Thai,https://drd.sh/cart/ZkE1exn9TpsidILc/,0,,0,https://grid-angellist.enterprise.slack.com/archives/C0335KUH5AN/p1784148099659749
2026-07-15,14:18 PT,Leia Slosberg,Dim Sum Sam,https://drd.sh/cart/Rs8mgrDtEySJ8yBx/,0,,0,https://grid-angellist.enterprise.slack.com/archives/C0335KUH5AN/p1784150283543929
2026-07-16,06:13 PT,Jonathan Gans,Unknown,https://drd.sh/cart/ZHme0u1J1OhmKUkP/,4,fried_egg:2 egg:2,0,https://grid-angellist.enterprise.slack.com/archives/C0335KUH5AN/p1784207620736309
2026-07-16,08:26 PT,Haley Young,Dig,https://drd.sh/cart/HV0YD5p0A1nbaE3y/,0,,0,https://grid-angellist.enterprise.slack.com/archives/C0335KUH5AN/p1784215602900129
2026-07-16,08:58 PT,Nora Hafez,Daily Provisions,https://drd.sh/cart/yXrVCZkN4wxOIFMy/,0,,5,https://grid-angellist.enterprise.slack.com/archives/C0335KUH5AN/p1784217491361109
2026-07-16,09:15 PT,Ann Suh,Xe May,https://drd.sh/cart/FCs8OJPzJZMPWdE6/,2,heart_hands:2,0,https://grid-angellist.enterprise.slack.com/archives/C0335KUH5AN/p1784218511242719
2026-07-16,09:42 PT,Tessa Coyle,Chinese,https://drd.sh/cart/js7IE536NeePkZS8/,0,,5,https://grid-angellist.enterprise.slack.com/archives/C0335KUH5AN/p1784220135417899
2026-07-16,10:10 PT,Jonathan Gans,Unknown,https://drd.sh/cart/PFUwgcIdiPVbx1yS/,1,eyes:1,10,https://grid-angellist.enterprise.slack.com/archives/C0335KUH5AN/p1784221845816349
2026-07-16,11:42 PT,Haley Young,Boba,https://drd.sh/cart/q6XOsK3KoKdCtETc/,1,bless:1,6,https://grid-angellist.enterprise.slack.com/archives/C0335KUH5AN/p1784227325888379
2026-07-16,13:32 PT,Nadia Koritareva,Chipotle,https://drd.sh/cart/98ZqJGhwT370Jdhh/,0,,0,https://grid-angellist.enterprise.slack.com/archives/C0335KUH5AN/p1784233964315079
2026-07-16,13:41 PT,Matt Bilotti,Italian,https://drd.sh/cart/Zef2F13bhIBehOo0/,0,,0,https://grid-angellist.enterprise.slack.com/archives/C0335KUH5AN/p1784234481768529
2026-07-17,06:18 PT,Jonathan Gans,Unknown,https://drd.sh/cart/d4VXcl9jMKnykFtO/,0,,0,https://grid-angellist.enterprise.slack.com/archives/C0335KUH5AN/p1784294287564999
2026-07-17,08:32 PT,Nadia Koritareva,Sweetgreen,https://drd.sh/cart/Td0BCFmwKUjRHNqG/,1,eyes:1,20,https://grid-angellist.enterprise.slack.com/archives/C0335KUH5AN/p1784302356380339
2026-07-17,08:36 PT,Jack Plank,Brown Bag,https://drd.sh/cart/lfoBIwrtUbkyzcn6/,0,,0,https://grid-angellist.enterprise.slack.com/archives/C0335KUH5AN/p1784302583798079
2026-07-17,09:01 PT,Sarah Zheng,Soup,https://drd.sh/cart/VGI4lE8FB4gS8lSU/,0,,0,https://grid-angellist.enterprise.slack.com/archives/C0335KUH5AN/p1784304093631129
2026-07-17,11:09 PT,Ryan Bauman,Westville,https://drd.sh/cart/pka5pv4H5ur1yJPE/,0,,1,https://grid-angellist.enterprise.slack.com/archives/C0335KUH5AN/p1784311751094459
2026-07-17,13:20 PT,Nadia Koritareva,Birria,https://drd.sh/cart/gDtUIEUpkmWi3e4g/,2,sadge:1 drooling_face:1,0,https://grid-angellist.enterprise.slack.com/archives/C0335KUH5AN/p1784319624842859
2026-07-17,13:35 PT,Jonathan Gans,Poblano Mexican Grill,https://drd.sh/cart/4BxggK4kfxxy8ozw/,1,pray:1,0,https://grid-angellist.enterprise.slack.com/archives/C0335KUH5AN/p1784320539458139
2026-07-17,14:51 PT,Jeremy Navarro,Golden Unicorn,https://drd.sh/cart/M1GY5qX4znKrwrDI/,1,bangbang:1,0,https://grid-angellist.enterprise.slack.com/archives/C0335KUH5AN/p1784325096900339
2026-07-20,07:01 PT,Jonathan Gans,Unknown,https://drd.sh/cart/NSCu7ZtT9ANE5cmZ/,0,,0,https://grid-angellist.enterprise.slack.com/archives/C0335KUH5AN/p1784556084286419
2026-07-20,08:38 PT,Leia Slosberg,Falafel,https://drd.sh/cart/RgSZRVnRkqV5xcdi/,2,pray:1 eyes:1,0,https://grid-angellist.enterprise.slack.com/archives/C0335KUH5AN/p1784561895985399
2026-07-20,08:46 PT,Jonah Lecker,Daily Provisions,https://drd.sh/cart/inMPUcgvPlRC9gph/,0,,1,https://grid-angellist.enterprise.slack.com/archives/C0335KUH5AN/p1784562410617019
2026-07-20,09:11 PT,Francesca O'Brien,Dig,https://drd.sh/cart/U82FfouuvKoApMFQ/,1,shovel:1,0,https://grid-angellist.enterprise.slack.com/archives/C0335KUH5AN/p1784563879355609
2026-07-20,13:11 PT,Joe Rzonsa,Springbone,https://drd.sh/cart/7jq915qzKKymh3C3/,0,,0,https://grid-angellist.enterprise.slack.com/archives/C0335KUH5AN/p1784578290513949
2026-07-20,13:48 PT,Matt Bilotti,Sushi,https://drd.sh/cart/lSERs9iZwIkDnCnC/,1,awesome:1,4,https://grid-angellist.enterprise.slack.com/archives/C0335KUH5AN/p1784580502262909
2026-07-21,08:27 PT,Khuzaima Maaz,Ongi,https://drd.sh/cart/EAxhygWlNro8N7B7/,3,face_with_spiral_eyes:1 rat:2,2,https://grid-angellist.enterprise.slack.com/archives/C0335KUH5AN/p1784647639165419
2026-07-21,08:35 PT,Leia Slosberg,Sweetgreen,https://drd.sh/cart/3gh1bEW0aIfag8wP/,3,eyes:2 pray:1,9,https://grid-angellist.enterprise.slack.com/archives/C0335KUH5AN/p1784648129051069
2026-07-21,08:48 PT,Cody Maldonado,Unknown,https://drd.sh/cart/FPDe4AsLRFp9dMtP/,0,,0,https://grid-angellist.enterprise.slack.com/archives/C0335KUH5AN/p1784648910688649
2026-07-21,08:50 PT,Sarah Zheng,Daily Provisions,https://drd.sh/cart/fU68578KjlfZREAW/,1,raised_hands:1,10,https://grid-angellist.enterprise.slack.com/archives/C0335KUH5AN/p1784649050147969
2026-07-21,08:51 PT,Joe Rzonsa,Cava,https://drd.sh/cart/PFukeUqZ6uaGpuLQ/,0,,0,https://grid-angellist.enterprise.slack.com/archives/C0335KUH5AN/p1784649088531239
2026-07-21,09:26 PT,Asher Bykov,Sweetgreen,https://drd.sh/cart/hFip108C0Jng1Gh3/,0,,7,https://grid-angellist.enterprise.slack.com/archives/C0335KUH5AN/p1784651164527999
2026-07-21,13:02 PT,Haley Young,Soup,https://drd.sh/cart/qDlFqMoJnutEx8Jm/,0,,4,https://grid-angellist.enterprise.slack.com/archives/C0335KUH5AN/p1784664163947049
2026-07-21,13:17 PT,Jack Plank,Unknown,https://drd.sh/cart/tkzSkCypuyZ5NN9D/,1,india-peace:1,2,https://grid-angellist.enterprise.slack.com/archives/C0335KUH5AN/p1784665052570489
2026-07-21,13:40 PT,Will Rosean,Soosh,https://drd.sh/cart/Y6rQGO1fMpZVsPkx/,0,,4,https://grid-angellist.enterprise.slack.com/archives/C0335KUH5AN/p1784666407825269
2026-07-21,14:04 PT,Francesca O'Brien,Dig,https://drd.sh/cart/ScHUVX6FI8Segz7x/,0,,0,https://grid-angellist.enterprise.slack.com/archives/C0335KUH5AN/p1784667891780249
2026-07-21,14:59 PT,Ryan Bauman,Sushi Hatsune,https://drd.sh/cart/0UNKmC7Z4IDbOaS4/,0,,1,https://grid-angellist.enterprise.slack.com/archives/C0335KUH5AN/p1784671152356029
2026-07-22,06:33 PT,Jonathan Gans,Friedman's,https://drd.sh/cart/glnD1vygabd4IdZp/,3,crown:3,11,https://grid-angellist.enterprise.slack.com/archives/C0335KUH5AN/p1784727192985629
2026-07-22,09:18 PT,Haley Young,Springbone,https://drd.sh/cart/26gqXazaSFG89tHP/,0,,0,https://grid-angellist.enterprise.slack.com/archives/C0335KUH5AN/p1784737116633669
2026-07-22,09:32 PT,Lavina Kalwani,Juice Gen,https://drd.sh/cart/SYwBJPmgpauopd1r/,0,,0,https://grid-angellist.enterprise.slack.com/archives/C0335KUH5AN/p1784737934034049
2026-07-22,09:46 PT,Jonathan Gans,Sushi,https://drd.sh/cart/g145VmT0hZPJpZv7/,0,,0,https://grid-angellist.enterprise.slack.com/archives/C0335KUH5AN/p1784738772907969
2026-07-22,09:53 PT,Jonah Lecker,Vienamese,https://drd.sh/cart/sMv4XvhhURsfpT4E/,1,raised_hands:1,5,https://grid-angellist.enterprise.slack.com/archives/C0335KUH5AN/p1784739181007109
2026-07-22,11:56 PT,Ethan Braren,Froyo,https://drd.sh/cart/Ia3OLPkbIa2t0yQT/,4,fire_on_fire:4,9,https://grid-angellist.enterprise.slack.com/archives/C0335KUH5AN/p1784746572665809
2026-07-22,12:09 PT,Lavina Kalwani,Boba,https://drd.sh/cart/06bTJyMdSqJ0AA2k/,0,,2,https://grid-angellist.enterprise.slack.com/archives/C0335KUH5AN/p1784747375080299
2026-07-22,13:29 PT,Matt Bilotti,Sushi,https://drd.sh/cart/StDHeewsUgbWtUje/,0,,1,https://grid-angellist.enterprise.slack.com/archives/C0335KUH5AN/p1784752152142009
2026-07-22,13:31 PT,Will Rosean,Unknown,https://drd.sh/cart/04DRrbP0EWVJsBj7/,0,,9,https://grid-angellist.enterprise.slack.com/archives/C0335KUH5AN/p1784752272080889
2026-07-22,13:37 PT,Ryan Bauman,Sarge's Deli,https://drd.sh/cart/zPepXDQBO33buH1n/,0,,0,https://grid-angellist.enterprise.slack.com/archives/C0335KUH5AN/p1784752645232779
2026-07-22,13:57 PT,Madison Friedman,Grill21,https://drd.sh/cart/USj0q9NgNX8bWIUa/,0,,1,https://grid-angellist.enterprise.slack.com/archives/C0335KUH5AN/p1784753826925969
2026-07-22,14:00 PT,Tina Huang,Kame,https://drd.sh/cart/j6NOhg54PfxzG7E7/,0,,0,https://grid-angellist.enterprise.slack.com/archives/C0335KUH5AN/p1784754018740359
2026-07-23,08:20 PT,Khuzaima Maaz,Five Spice,https://drd.sh/cart/TFpCXR0CUbpgizKI/,0,,0,https://grid-angellist.enterprise.slack.com/archives/C0335KUH5AN/p1784820009187409
2026-07-23,08:24 PT,Madison Friedman,Lenwhich,https://drd.sh/cart/vx6A9nGlGRwHYuaC/,0,,0,https://grid-angellist.enterprise.slack.com/archives/C0335KUH5AN/p1784820267982089
2026-07-23,08:36 PT,Tarina Touret,Westville,https://drd.sh/cart/T0qo8x14zHmIXY17/,0,,0,https://grid-angellist.enterprise.slack.com/archives/C0335KUH5AN/p1784820967027269
2026-07-23,10:06 PT,Ryan Bauman,Sushi 35 West,https://drd.sh/cart/84swTT3MLjSuywp0/,0,,0,https://grid-angellist.enterprise.slack.com/archives/C0335KUH5AN/p1784826390988949
2026-07-23,13:24 PT,Matt Bilotti,Thai Diner,https://drd.sh/cart/h4m0qEfTnUxVMnZv/,0,,2,https://grid-angellist.enterprise.slack.com/archives/C0335KUH5AN/p1784838244587239
2026-07-23,13:40 PT,Khuzaima Maaz,Au,https://drd.sh/cart/U29Zm9NYEFSleuKo/,0,,0,https://grid-angellist.enterprise.slack.com/archives/C0335KUH5AN/p1784839242470789
2026-07-23,13:54 PT,Ethan Braren,By Antidote,https://drd.sh/cart/lnvZ6JnT1zGBJUq4/,0,,1,https://grid-angellist.enterprise.slack.com/archives/C0335KUH5AN/p1784840088387589
2026-07-24,05:26 PT,Leia Slosberg,Unknown,https://drd.sh/cart/uqU2jwDeJzXyZ0Cj/,1,handshake:1,0,https://grid-angellist.enterprise.slack.com/archives/C0335KUH5AN/p1784895974833999
2026-07-24,09:05 PT,Joe Rzonsa,Udon,https://drd.sh/cart/ffMDQ3anRxb62LW9/,0,,1,https://grid-angellist.enterprise.slack.com/archives/C0335KUH5AN/p1784909145078169
2026-07-24,09:40 PT,Leia Slosberg,Unknown,https://drd.sh/cart/IS45oi5gOvkFPhcL/,0,,0,https://grid-angellist.enterprise.slack.com/archives/C0335KUH5AN/p1784911230898669
2026-07-24,09:49 PT,Ryan Bauman,Koba Korean Bowls,https://drd.sh/cart/tWYfLoae5BkWA1Du/,0,,0,https://grid-angellist.enterprise.slack.com/archives/C0335KUH5AN/p1784911775770519
2026-07-24,13:32 PT,Matt Bilotti,Sushi,https://drd.sh/cart/gw823j0u2faztX6r/,1,heart:1,7,https://grid-angellist.enterprise.slack.com/archives/C0335KUH5AN/p1784925154322209
2026-07-24,13:39 PT,Joe Rzonsa,Gyro,https://drd.sh/cart/wYjuU5pzR2Ld1cxo/,0,,2,https://grid-angellist.enterprise.slack.com/archives/C0335KUH5AN/p1784925588299429
2026-07-24,13:51 PT,Sarah Zheng,Mayaaaa,https://drd.sh/cart/ieje6uhKHwV5VWVV/,0,,1,https://grid-angellist.enterprise.slack.com/archives/C0335KUH5AN/p1784926275470579
2026-07-27,06:26 PT,Anna Koh,Hutch & Waldo,https://drd.sh/cart/Zhup7sDIJIREV4ss/,1,ty:1,1,https://grid-angellist.enterprise.slack.com/archives/C0335KUH5AN/p1785158802487559
2026-07-27,08:49 PT,Tina Huang,Ootoya,https://drd.sh/cart/ocWYFNY7YhD6gC8m/,1,eyes:1,0,https://grid-angellist.enterprise.slack.com/archives/C0335KUH5AN/p1785167354583709
2026-07-27,09:04 PT,Joe Rzonsa,Terra,https://drd.sh/cart/AmInzG8suOH6U0sE/,0,,0,https://grid-angellist.enterprise.slack.com/archives/C0335KUH5AN/p1785168299321309
2026-07-27,09:08 PT,Manav Mehta,Pura Vida,https://drd.sh/cart/85sMDBvbiNvjcrqL/,1,white_check_mark:1,0,https://grid-angellist.enterprise.slack.com/archives/C0335KUH5AN/p1785168517476249
2026-07-27,13:31 PT,Francesca O'Brien,Daily Provisions,https://drd.sh/cart/TVdkt6M4DTJJzmZZ/,0,,0,https://grid-angellist.enterprise.slack.com/archives/C0335KUH5AN/p1785184286363259
2026-07-27,13:38 PT,Leia Slosberg,Veselka,https://drd.sh/cart/Eec8HPDmDyGpL32O/,0,,0,https://grid-angellist.enterprise.slack.com/archives/C0335KUH5AN/p1785184681654719
2026-07-27,13:39 PT,Jack Plank,Sushi,https://drd.sh/cart/muokOdabgChpCIvX/,2,im_dead:2,1,https://grid-angellist.enterprise.slack.com/archives/C0335KUH5AN/p1785184779059789
2026-07-27,13:41 PT,Matt Bilotti,Better Sushi,https://drd.sh/cart/ApGkQUEGOV7hTJg7/,0,,39,https://grid-angellist.enterprise.slack.com/archives/C0335KUH5AN/p1785184906549329
2026-07-28,08:28 PT,Khuzaima Maaz,Ongi,https://www.doordash.com/cart/32ba7e54-8c02-422d-9d0b-4168648828b2?openGroupCartShare=true,1,raised_hands::skin-tone-3:1,3,https://grid-angellist.enterprise.slack.com/archives/C0335KUH5AN/p1785252538393009
2026-07-28,08:33 PT,Aisha Ahamed,Daily Provisions,https://drd.sh/cart/SYWn3Qp5fQ9FlllA/,1,eyes:1,18,https://grid-angellist.enterprise.slack.com/archives/C0335KUH5AN/p1785252788586449
2026-07-28,08:44 PT,Tina Huang,Counter Service,https://drd.sh/cart/iWXPNDXGb22EvloZ/,2,raised_hands:2,0,https://grid-angellist.enterprise.slack.com/archives/C0335KUH5AN/p1785253478777989
2026-07-28,11:02 PT,Ryan Bauman,Taim,https://drd.sh/cart/PvzrTeU8m2gfZAfu/,0,,1,https://grid-angellist.enterprise.slack.com/archives/C0335KUH5AN/p1785261772499889
2026-07-28,13:46 PT,Matt Bilotti,Thai,https://drd.sh/cart/Kjm9UNym7dAMVjrI/,1,rolling_on_the_floor_laughing:1,2,https://grid-angellist.enterprise.slack.com/archives/C0335KUH5AN/p1785271619656719
2026-07-28,13:52 PT,Jun Yoon,LPB,https://drd.sh/cart/wLzzNZSI4f51RL4T/,0,,9,https://grid-angellist.enterprise.slack.com/archives/C0335KUH5AN/p1785271951583599
2026-07-28,13:53 PT,Haley Young,La Dong,https://drd.sh/cart/ybaMMWDsHd9ZCZg3/,0,,0,https://grid-angellist.enterprise.slack.com/archives/C0335KUH5AN/p1785271999757329
2026-07-29,08:12 PT,Asher Bykov,Tacombi,https://drd.sh/cart/802kFxqfiZasIr02/,0,,2,https://grid-angellist.enterprise.slack.com/archives/C0335KUH5AN/p1785337959686349
2026-07-29,08:51 PT,Maxim Kalinkin,Chipotle,https://drd.sh/cart/6Zgu2QotjCTVSKQb/,3,burrito:1 heart:2,3,https://grid-angellist.enterprise.slack.com/archives/C0335KUH5AN/p1785340276919889
2026-07-29,08:58 PT,Amy Saks,Sushi,https://drd.sh/cart/W0QAAdy2UMSKL0tL/,0,,1,https://grid-angellist.enterprise.slack.com/archives/C0335KUH5AN/p1785340706535959
2026-07-29,09:37 PT,Connor Harlander,Cocodaq,https://drd.sh/cart/pkcag1ckRHkrJQjl/,4,pray:1 heart_on_fire:1 fomo:2,3,https://grid-angellist.enterprise.slack.com/archives/C0335KUH5AN/p1785343066041149
2026-07-29,13:30 PT,Khuzaima Maaz,Salma,https://drd.sh/cart/cw5qS0mHhw9IQkCI/,1,fomo:1,2,https://grid-angellist.enterprise.slack.com/archives/C0335KUH5AN/p1785357016706389
2026-07-29,13:30 PT,Matt Bilotti,Sushi,https://drd.sh/cart/HMNgcLeDea3Sspai/,0,,4,https://grid-angellist.enterprise.slack.com/archives/C0335KUH5AN/p1785357026645409
2026-07-29,13:45 PT,Tina Huang,Kame,https://drd.sh/cart/FbujrwOrPXiPeP1h/,0,,5,https://grid-angellist.enterprise.slack.com/archives/C0335KUH5AN/p1785357958533769
2026-07-29,14:31 PT,Madison Friedman,Cafe Moga,https://drd.sh/cart/m1wk62SJhCJyqbi9/,1,heart:1,0,https://grid-angellist.enterprise.slack.com/archives/C0335KUH5AN/p1785360716525139
2026-07-30,08:34 PT,Khuzaima Maaz,Sweetgreen,https://drd.sh/cart/e9Re2z58J9ysZyUe/,0,,4,https://grid-angellist.enterprise.slack.com/archives/C0335KUH5AN/p1785425677475309
2026-07-30,08:42 PT,Anna Koh,Dim Sum,https://drd.sh/cart/Erm0mYvINZdzraGW/,0,,0,https://grid-angellist.enterprise.slack.com/archives/C0335KUH5AN/p1785426132100639
2026-07-30,09:45 PT,Ryan Bauman,Sushi,https://drd.sh/cart/Ov48iL13KlRGhB5c/,0,,0,https://grid-angellist.enterprise.slack.com/archives/C0335KUH5AN/p1785429916787889
2026-07-30,11:08 PT,Sarah Zheng,Yogurt,https://drd.sh/cart/4FnZo08xkY4lpGZm/,1,yum_cat:1,0,https://grid-angellist.enterprise.slack.com/archives/C0335KUH5AN/p1785434908334469
2026-07-30,13:54 PT,Dre Ramirez Jr.,Smashy,https://drd.sh/cart/1wjjvv7aiaOOBRoS/,0,,0,https://grid-angellist.enterprise.slack.com/archives/C0335KUH5AN/p1785444872077599
2026-07-30,14:01 PT,Khuzaima Maaz,Gup Shup,https://drd.sh/cart/VqqJeIo3au77E4Qv/,0,,8,https://grid-angellist.enterprise.slack.com/archives/C0335KUH5AN/p1785445314843069
2026-07-30,14:19 PT,Will Rosean,Boring,https://drd.sh/cart/DrFUrYhCi4f5uhDN/,1,joy:1,0,https://grid-angellist.enterprise.slack.com/archives/C0335KUH5AN/p1785446352649529
2026-07-30,14:22 PT,Ethan Braren,Sushi,https://drd.sh/cart/CHAlEksEKhjABDps/,0,,4,https://grid-angellist.enterprise.slack.com/archives/C0335KUH5AN/p1785446535661799
2026-07-31,06:17 PT,Leia Slosberg,Unknown,https://drd.sh/cart/9AK0bSHp8ZM87B33/,0,,0,https://grid-angellist.enterprise.slack.com/archives/C0335KUH5AN/p1785503837997629
2026-07-31,06:52 PT,Griffin Malm,Pura Vida,https://drd.sh/cart/j3EJkHbGmqWB9wfr/,0,,1,https://grid-angellist.enterprise.slack.com/archives/C0335KUH5AN/p1785505967099559
2026-07-31,08:39 PT,Jeremy Navarro,Unknown,https://drd.sh/cart/bLTAG4tLnyc2drn7/,0,,0,https://grid-angellist.enterprise.slack.com/archives/C0335KUH5AN/p1785512376073339
2026-07-31,09:01 PT,Jonathan Gans,Sweetgreen,https://drd.sh/cart/qCsNakQ8JQ1ypjS7/,0,,0,https://grid-angellist.enterprise.slack.com/archives/C0335KUH5AN/p1785513686418139
2026-07-31,09:04 PT,Jun Yoon,Brown Bag,https://drd.sh/cart/oPMX12PO8iB8tAeW/,0,,0,https://grid-angellist.enterprise.slack.com/archives/C0335KUH5AN/p1785513877154139
2026-07-31,14:04 PT,Tina Huang,Fumo,https://drd.sh/cart/IMMdmkpZV8XxVuRy/,0,,4,https://grid-angellist.enterprise.slack.com/archives/C0335KUH5AN/p1785531867828349
2026-08-03,06:28 PT,Jonathan Gans,Unknown,https://drd.sh/cart/GQfpti7ku7Pwjmpk/,0,,0,https://grid-angellist.enterprise.slack.com/archives/C0335KUH5AN/p1785763729361969
2026-08-03,06:37 PT,Griffin Malm,Unknown,https://drd.sh/cart/FwQSQFrPdlZTMgcI/,0,,11,https://grid-angellist.enterprise.slack.com/archives/C0335KUH5AN/p1785764259596939
2026-08-03,08:31 PT,Francesca O'Brien,Sweetgreen,https://drd.sh/cart/hm04Fxrn3hzueNMI/,0,,21,https://grid-angellist.enterprise.slack.com/archives/C0335KUH5AN/p1785771084448809
2026-08-03,09:13 PT,Nadia Koritareva,Sushi 295 Mercer,https://drd.sh/cart/yJjKLrNiHmnF7dHw/,2,fire:2,2,https://grid-angellist.enterprise.slack.com/archives/C0335KUH5AN/p1785773621190949
2026-08-03,09:20 PT,Joe Rzonsa,Farmer J,https://drd.sh/cart/KGMvBvAkzBg8XLmF/,0,,0,https://grid-angellist.enterprise.slack.com/archives/C0335KUH5AN/p1785774044919699
2026-08-03,13:58 PT,Matt Bilotti,Sushi,https://drd.sh/cart/C4CCih4qCxSEn5Wa/,0,,12,https://grid-angellist.enterprise.slack.com/archives/C0335KUH5AN/p1785790726365919
2026-08-03,14:08 PT,Tina Huang,LPB,https://drd.sh/cart/8CTfcBWGkC9fEw57/,0,,5,https://grid-angellist.enterprise.slack.com/archives/C0335KUH5AN/p1785791331799029
2026-08-04,08:04 PT,Anna Koh,5ive Spice,https://drd.sh/cart/BjSLkXoYSCBJWpqh/,3,fire:3,1,https://grid-angellist.enterprise.slack.com/archives/C0335KUH5AN/p1785855867392229
2026-08-04,08:27 PT,Leia Slosberg,Sweetgreen,https://drd.sh/cart/To923mQjaYZDnJI4/,1,pray:1,1,https://grid-angellist.enterprise.slack.com/archives/C0335KUH5AN/p1785857273185869
2026-08-04,09:46 PT,Maxim Kalinkin,Chick-fil-A,https://drd.sh/cart/mHDajsL3JVakx9qj/,2,+1:1 lock:1,0,https://grid-angellist.enterprise.slack.com/archives/C0335KUH5AN/p1785861974649229
2026-08-04,10:58 PT,Sarah Zheng,Westville,https://drd.sh/cart/8EW8TAncxYMDbhzg/,0,,0,https://grid-angellist.enterprise.slack.com/archives/C0335KUH5AN/p1785866299780959
2026-08-04,12:25 PT,Haley Young,Boba,https://drd.sh/cart/kOOIKqyIA7X1gv8Q/,3,raised_hands:3,0,https://grid-angellist.enterprise.slack.com/archives/C0335KUH5AN/p1785871518437299
2026-08-04,13:06 PT,Will Rosean,Unknown,https://drd.sh/cart/vUhAMJhiveKlLl17/,1,yum:1,22,https://grid-angellist.enterprise.slack.com/archives/C0335KUH5AN/p1785874010264379
2026-08-04,13:20 PT,Lavina Kalwani,Dim Sum,https://drd.sh/cart/Uwc57GbE7yg2kzkU/,0,,0,https://grid-angellist.enterprise.slack.com/archives/C0335KUH5AN/p1785874838375329
2026-08-04,13:32 PT,Aisha Ahamed,Top Thai,https://drd.sh/cart/mrQO9nIto140dLgz/,0,,0,https://grid-angellist.enterprise.slack.com/archives/C0335KUH5AN/p1785875524520889
2026-08-04,13:51 PT,Sarah Zheng,Sushi,https://drd.sh/cart/gSLpiZAFCpYtqX5J/,0,,0,https://grid-angellist.enterprise.slack.com/archives/C0335KUH5AN/p1785876703556929
2026-08-04,14:29 PT,Griffin Malm,Cafe Mogador,https://drd.sh/cart/eazknNJ2OjVGOhD9/,2,fire_on_fire:2,0,https://grid-angellist.enterprise.slack.com/archives/C0335KUH5AN/p1785878945120329
2026-08-05,06:36 PT,Jonathan Gans,Unknown,https://drd.sh/cart/eYwR0FsOmNX35YlX/,0,,14,https://grid-angellist.enterprise.slack.com/archives/C0335KUH5AN/p1785936973354439
2026-08-05,08:32 PT,Amy Saks,Comptons,https://drd.sh/cart/ZIJXuW8YsuEsOeOe/,4,disappointed:1 a-parrot:2 pray:1,2,https://grid-angellist.enterprise.slack.com/archives/C0335KUH5AN/p1785943938856149
2026-08-05,08:35 PT,Nadia Koritareva,Sweetgreen,https://drd.sh/cart/LtJadf8cOJSOe0qz/,2,joy:2,11,https://grid-angellist.enterprise.slack.com/archives/C0335KUH5AN/p1785944132317479
2026-08-05,09:54 PT,Tarina Touret,Westville,https://drd.sh/cart/zPonSKWqQhus59O7/,0,,0,https://grid-angellist.enterprise.slack.com/archives/C0335KUH5AN/p1785948861815029
2026-08-05,09:56 PT,Griffin Malm,Bite,https://drd.sh/cart/pKZ6K0OFtW0BlifI/,0,,0,https://grid-angellist.enterprise.slack.com/archives/C0335KUH5AN/p1785948962050339
2026-08-05,10:28 PT,Ryan Bauman,Jersey Mike's,https://drd.sh/cart/JCjFflDLNJnws0BT/,0,,0,https://grid-angellist.enterprise.slack.com/archives/C0335KUH5AN/p1785950907203349
2026-08-05,12:06 PT,Ethan Braren,Froyo,https://drd.sh/cart/peSCVvnwJX2B4iy2/,3,pray:1 heart_on_fire:1 sadcat:1,11,https://grid-angellist.enterprise.slack.com/archives/C0335KUH5AN/p1785956765542899
2026-08-05,13:39 PT,Matt Bilotti,Sushi,https://drd.sh/cart/NiCtl53zhAwXMYrn/,0,,1,https://grid-angellist.enterprise.slack.com/archives/C0335KUH5AN/p1785962383037029
2026-08-05,14:00 PT,Leia Slosberg,Thai Villa,https://drd.sh/cart/iXNGe4huNtnBn2K7/,0,,0,https://grid-angellist.enterprise.slack.com/archives/C0335KUH5AN/p1785963636913089
2026-08-05,14:04 PT,Ryan Bauman,Farmer J,https://drd.sh/cart/7AmTQNmQqn7QPnjm/,0,,2,https://grid-angellist.enterprise.slack.com/archives/C0335KUH5AN/p1785963894183199
2026-08-05,14:11 PT,Haley Young,Persian,https://drd.sh/cart/t9B4Po9sXsA7ShDO/,4,meow_heart:4,3,https://grid-angellist.enterprise.slack.com/archives/C0335KUH5AN/p1785964282485419
2026-08-05,14:44 PT,Joe Rzonsa,Au Za'atar,https://drd.sh/cart/bWAPnM6WP4j2Ywpw/,0,,0,https://grid-angellist.enterprise.slack.com/archives/C0335KUH5AN/p1785966283123769
2026-08-06,08:27 PT,Anna Koh,Kame,https://drd.sh/cart/8FstqdSLIBauKguV/,2,awesome:2,1,https://grid-angellist.enterprise.slack.com/archives/C0335KUH5AN/p1786030074605809
2026-08-06,09:11 PT,Leia Slosberg,Avo,https://drd.sh/cart/okbcPzc4AFvRTPhQ/,0,,10,https://grid-angellist.enterprise.slack.com/archives/C0335KUH5AN/p1786032682859439
2026-08-06,09:59 PT,Jonathan Gans,Westville,https://drd.sh/cart/1rWp1BD0vWks6lWw/,0,,0,https://grid-angellist.enterprise.slack.com/archives/C0335KUH5AN/p1786035555063229
2026-08-06,11:11 PT,Haley Young,Boba,https://drd.sh/cart/6ITn9zcJRYLsxCm8/,0,,1,https://grid-angellist.enterprise.slack.com/archives/C0335KUH5AN/p1786039881149669
2026-08-06,13:16 PT,Jack Plank,Flag Sg,https://drd.sh/cart/QuYiV0Z1LcZkMZHv/,0,,0,https://grid-angellist.enterprise.slack.com/archives/C0335KUH5AN/p1786047367141019
2026-08-06,13:27 PT,Haley Young,Cn,https://drd.sh/cart/4xAj6PnZxYRQA9Ve/,2,drooling_face:1 fire_on_fire:1,1,https://grid-angellist.enterprise.slack.com/archives/C0335KUH5AN/p1786048022738589
2026-08-06,13:29 PT,Matt Bilotti,Thai Diner,https://drd.sh/cart/LFpCbX4xffKOJ7BU/,0,,3,https://grid-angellist.enterprise.slack.com/archives/C0335KUH5AN/p1786048169823289
2026-08-06,13:40 PT,Phillip Ellington II,Jp,https://drd.sh/cart/dKgXcWiRPnKOxIMh/,0,,0,https://grid-angellist.enterprise.slack.com/archives/C0335KUH5AN/p1786048807591399
2026-08-07,06:10 PT,Elisa DiMauro,Partners Coffee,https://drd.sh/cart/ecKwvRu1OrZndozX/,0,,1,https://grid-angellist.enterprise.slack.com/archives/C0335KUH5AN/p1786108243106439
2026-08-07,06:12 PT,Jonathan Gans,Friedman's,https://drd.sh/cart/czTlOkXj4rh6ZVql/,2,joy:1 x:1,0,https://grid-angellist.enterprise.slack.com/archives/C0335KUH5AN/p1786108328226849
2026-08-07,06:21 PT,Griffin Malm,Pura Vida,https://drd.sh/cart/LPIjSMVHbH2agKze/,0,,0,https://grid-angellist.enterprise.slack.com/archives/C0335KUH5AN/p1786108868977229
2026-08-07,08:45 PT,Arshia Daghoghi,Pio Pio,https://drd.sh/cart/CQOlT7T58qg0Gxd5/,0,,4,https://grid-angellist.enterprise.slack.com/archives/C0335KUH5AN/p1786117530005149
2026-08-07,09:18 PT,Viv Hong,Sushi 35,https://drd.sh/cart/nfvY3ws8VJucacdI/,3,x:1 awkward_eyes:1 heavy_multiplication_x:1,13,https://grid-angellist.enterprise.slack.com/archives/C0335KUH5AN/p1786119489790059
2026-08-07,09:22 PT,Manav Mehta,Elk,https://drd.sh/cart/c82QAeE5UsEfExDP/,3,white_check_mark:3,0,https://grid-angellist.enterprise.slack.com/archives/C0335KUH5AN/p1786119756696559
2026-08-07,09:38 PT,Cody Maldonado,35 West,https://drd.sh/cart/3o5tqg72mFdLY0ql/,4,pray::skin-tone-3:1 pray:3,4,https://grid-angellist.enterprise.slack.com/archives/C0335KUH5AN/p1786120731097669
2026-08-07,10:47 PT,Joe Rzonsa,Cava,https://drd.sh/cart/jGXJ1m4Mp53hf3g6/,0,,0,https://grid-angellist.enterprise.slack.com/archives/C0335KUH5AN/p1786124872595429
2026-08-07,13:03 PT,Matt Bilotti,Thai Diner,https://drd.sh/cart/fxwvz7FhImTY0Jmd/,0,,4,https://grid-angellist.enterprise.slack.com/archives/C0335KUH5AN/p1786133001849359
2026-08-07,13:17 PT,Griffin Malm,Tacombi,https://drd.sh/cart/Z97MGIXHhdmSxhCj/,0,,0,https://grid-angellist.enterprise.slack.com/archives/C0335KUH5AN/p1786133838540749
2026-08-07,13:27 PT,Sarah Zheng,Froyo,https://drd.sh/cart/tvwO9hnBPBoow2B2/,3,rolling_on_the_floor_laughing:2 fomo:1,2,https://grid-angellist.enterprise.slack.com/archives/C0335KUH5AN/p1786134467227419
2026-08-07,14:22 PT,Cody Maldonado,Unknown,https://drd.sh/cart/eg7N85xqgxglbDQX/,0,,0,https://grid-angellist.enterprise.slack.com/archives/C0335KUH5AN/p1786137772008729
2026-08-07,14:34 PT,Joe Rzonsa,Parm,https://drd.sh/cart/vDE9pVB8SmdE01hO/,0,,0,https://grid-angellist.enterprise.slack.com/archives/C0335KUH5AN/p1786138476439479
2026-08-10,06:33 PT,Jonathan Gans,Friedman's,https://drd.sh/cart/zQLVca1xJpEfFqym/,0,,7,https://grid-angellist.enterprise.slack.com/archives/C0335KUH5AN/p1786368788409739
2026-08-10,06:42 PT,Griffin Malm,Pura Vida,https://drd.sh/cart/ovdmkpDa5Tw1yIlQ/,1,eyes:1,1,https://grid-angellist.enterprise.slack.com/archives/C0335KUH5AN/p1786369373655899
2026-08-10,08:50 PT,Joe Rzonsa,Springbone,https://drd.sh/cart/znVrLgET3vK1Ah6r/,0,,0,https://grid-angellist.enterprise.slack.com/archives/C0335KUH5AN/p1786377023104279
2026-08-10,09:36 PT,Viv Hong,Sushi,https://drd.sh/cart/pOVPceXodBqzWOmH/,0,,1,https://grid-angellist.enterprise.slack.com/archives/C0335KUH5AN/p1786379806663119
2026-08-10,10:19 PT,Cody Maldonado,Blue Mountain,https://drd.sh/cart/jYMjt7hG4xSPNonw/,0,,14,https://grid-angellist.enterprise.slack.com/archives/C0335KUH5AN/p1786382390682939
2026-08-10,11:14 PT,Madison Friedman,Sushi,https://drd.sh/cart/tOUu1NtYdclQChrd/,1,pray::skin-tone-3:1,1,https://grid-angellist.enterprise.slack.com/archives/C0335KUH5AN/p1786385697904719
2026-08-10,13:33 PT,Cody Maldonado,Sugarfish,https://drd.sh/cart/SgzFA0CXdu9XTgaC/,0,,4,https://grid-angellist.enterprise.slack.com/archives/C0335KUH5AN/p1786393989958309
2026-08-10,13:54 PT,Will Rosean,Soosh,https://drd.sh/cart/cVjvnNuKCgrGoJ3k/,0,,0,https://grid-angellist.enterprise.slack.com/archives/C0335KUH5AN/p1786395261163829
2026-08-10,14:01 PT,Griffin Malm,Rubirosa,https://drd.sh/cart/HPManRmHyhn9beJA/,1,fire_on_fire:1,4,https://grid-angellist.enterprise.slack.com/archives/C0335KUH5AN/p1786395708980499
2026-08-10,14:09 PT,Joe Rzonsa,Dig,https://drd.sh/cart/V44ey304sao03Sse/,0,,0,https://grid-angellist.enterprise.slack.com/archives/C0335KUH5AN/p1786396189798359
2026-08-11,06:35 PT,Jonathan Gans,Friedman's,https://drd.sh/cart/AfpP6u05N0k8vwC2/,0,,2,https://grid-angellist.enterprise.slack.com/archives/C0335KUH5AN/p1786455304390089
2026-08-11,08:33 PT,Nadia Koritareva,Sweetgreen,https://drd.sh/cart/vbEWoaCknPJA1ocf/,0,,3,https://grid-angellist.enterprise.slack.com/archives/C0335KUH5AN/p1786462385031989
2026-08-11,08:35 PT,Khuzaima Maaz,Ongi,https://drd.sh/cart/8U2uE0wdzWqNqk3H/,1,rolling_on_the_floor_laughing:1,9,https://grid-angellist.enterprise.slack.com/archives/C0335KUH5AN/p1786462556125919
2026-08-11,08:40 PT,Aisha Ahamed,Top Thia,https://drd.sh/cart/N4ersSdUDza34Fd0/,0,,0,https://grid-angellist.enterprise.slack.com/archives/C0335KUH5AN/p1786462842628119
2026-08-11,10:57 PT,Ethan Braren,5ive Spice,https://drd.sh/cart/4m5ViNpfHHj1pbqb/,0,,11,https://grid-angellist.enterprise.slack.com/archives/C0335KUH5AN/p1786471048512209
2026-08-11,13:02 PT,Griffin Malm,Super Burrito,https://drd.sh/cart/ypeODltnfRUmmNNP/,1,eyes:1,7,https://grid-angellist.enterprise.slack.com/archives/C0335KUH5AN/p1786478555731999
2026-08-11,13:21 PT,Nadia Koritareva,By Antidote,https://drd.sh/cart/yB846Ih6yQDcSNkL/,0,,6,https://grid-angellist.enterprise.slack.com/archives/C0335KUH5AN/p1786479699650679
2026-08-11,13:38 PT,Will Rosean,4 Charles,https://drd.sh/cart/9oV9XZrKsto6JcbU/,9,joy:8 crown:1,5,https://grid-angellist.enterprise.slack.com/archives/C0335KUH5AN/p1786480710538099
2026-08-11,14:11 PT,Jonathan Gans,Westville,https://drd.sh/cart/6XCRdlUZRHrjkPar/,0,,6,https://grid-angellist.enterprise.slack.com/archives/C0335KUH5AN/p1786482693517239
2026-08-12,06:14 PT,Jonathan Gans,Not Friedman's,https://drd.sh/cart/iajxk88AjJnRj4qo/,0,,0,https://grid-angellist.enterprise.slack.com/archives/C0335KUH5AN/p1786540490139829
2026-08-12,08:04 PT,Jack Plank,Unknown,https://drd.sh/cart/1yzkrIQxWaSr5FWJ/,0,,0,https://grid-angellist.enterprise.slack.com/archives/C0335KUH5AN/p1786547089616089
2026-08-12,08:34 PT,Aisha Ahamed,Korean,https://drd.sh/cart/nf1sT7jxiQKAF11K/,1,fire:1,0,https://grid-angellist.enterprise.slack.com/archives/C0335KUH5AN/p1786548866706929
2026-08-12,08:38 PT,Leia Slosberg,Westville,https://drd.sh/cart/sBPCXT3gr1Dlx7BU/,1,white_check_mark:1,0,https://grid-angellist.enterprise.slack.com/archives/C0335KUH5AN/p1786549117228089
2026-08-12,08:44 PT,Griffin Malm,Jersey Mike's,https://drd.sh/cart/8WDv1t5m2itMUKVm/,7,im_dead:2 fomo:2 heart_on_fire:3,0,https://grid-angellist.enterprise.slack.com/archives/C0335KUH5AN/p1786549480649889
2026-08-12,08:52 PT,Manav Mehta,Mezeh,https://drd.sh/cart/bU0hxlHkw7cGQY3W/,0,,0,https://grid-angellist.enterprise.slack.com/archives/C0335KUH5AN/p1786549932580849
2026-08-12,10:00 PT,Phillip Ellington II,Mikado,https://drd.sh/cart/Ws6l4KT5MydYKsyb/,0,,0,https://grid-angellist.enterprise.slack.com/archives/C0335KUH5AN/p1786554026801359
2026-08-12,13:10 PT,Aisha Ahamed,By Antidote,https://drd.sh/cart/aMh1K3HkiFZ9c2JS/,1,clap:1,0,https://grid-angellist.enterprise.slack.com/archives/C0335KUH5AN/p1786565425762369
2026-08-12,13:19 PT,Khuzaima Maaz,Ayat,https://drd.sh/cart/AoBuJ5inx7xs8vke/,4,fire_on_fire:2 eyes:2,7,https://grid-angellist.enterprise.slack.com/archives/C0335KUH5AN/p1786565997171469
2026-08-12,13:52 PT,Jack Plank,Unknown,https://drd.sh/cart/JKKwzlgNommuPqrj/,0,,0,https://grid-angellist.enterprise.slack.com/archives/C0335KUH5AN/p1786567973050509
2026-08-12,14:53 PT,Colin Eifert,Thai,https://drd.sh/cart/ux01rvrevaLfcp0u/,0,,0,https://grid-angellist.enterprise.slack.com/archives/C0335KUH5AN/p1786571593204259
2026-08-12,15:03 PT,Joe Rzonsa,Au Zaatar,https://drd.sh/cart/omIq6GhOLTnFBPUx/,0,,0,https://grid-angellist.enterprise.slack.com/archives/C0335KUH5AN/p1786572191749779
2026-08-12,16:06 PT,Jonah Lecker,LPB,https://drd.sh/cart/nssToo6aVu4SCuKW/,0,,1,https://grid-angellist.enterprise.slack.com/archives/C0335KUH5AN/p1786575979003539
2026-08-13,08:17 PT,Khuzaima Maaz,Comptons,https://drd.sh/cart/X3TIXtX3AaidQoe4/,1,fire:1,0,https://grid-angellist.enterprise.slack.com/archives/C0335KUH5AN/p1786634252816779
2026-08-13,08:21 PT,Aisha Ahamed,Dim Sum Sam,https://drd.sh/cart/JNoZyrHkQY51DXyK/,1,eagle:1,0,https://grid-angellist.enterprise.slack.com/archives/C0335KUH5AN/p1786634514235389
2026-08-13,09:20 PT,Dre Ramirez Jr.,Wolfnights,https://www.doordash.com/cart/bb150404-381a-4b46-b22e-25092720d6e4?openGroupCartShare=true,0,,1,https://grid-angellist.enterprise.slack.com/archives/C0335KUH5AN/p1786638038783699
2026-08-13,09:39 PT,Sarah Zheng,Sweetgreen,https://drd.sh/cart/dWfqGvPjAvgZeD1Q/,1,eyes:1,1,https://grid-angellist.enterprise.slack.com/archives/C0335KUH5AN/p1786639160157649
2026-08-13,11:54 PT,Ethan Braren,Froyo,https://drd.sh/cart/dWnLUW4Kze0Qxprs/,6,fire_on_fire:2 goat:2 crown:2,7,https://grid-angellist.enterprise.slack.com/archives/C0335KUH5AN/p1786647290563119
2026-08-13,13:39 PT,Ann Suh,Sushi,https://drd.sh/cart/iDQFYfeUyMmtUlqQ/,1,blob-party:1,6,https://grid-angellist.enterprise.slack.com/archives/C0335KUH5AN/p1786653581340019
2026-08-13,14:22 PT,Sarah Zheng,Poke Bowls,https://drd.sh/cart/jMrlkQ5rUsNFAKTJ/,0,,0,https://grid-angellist.enterprise.slack.com/archives/C0335KUH5AN/p1786656137233079
2026-08-13,14:29 PT,Tina Huang,Kame,https://drd.sh/cart/IMhmWsdQgUX0OSey/,0,,2,https://grid-angellist.enterprise.slack.com/archives/C0335KUH5AN/p1786656584096759
2026-08-13,15:00 PT,Jonathan Gans,Sushi,https://drd.sh/cart/eDHNkd6JeObegsAa/,0,,0,https://grid-angellist.enterprise.slack.com/archives/C0335KUH5AN/p1786658408106759
2026-08-14,06:03 PT,Leia Slosberg,Hutch & Waldo,https://drd.sh/cart/oTOPi6MFG47y1qJE/,0,,0,https://grid-angellist.enterprise.slack.com/archives/C0335KUH5AN/p1786712586960359
2026-08-14,08:52 PT,Sam Petering,Chipotle,https://drd.sh/cart/Qqz43rETe8w78hi5/,0,,0,https://grid-angellist.enterprise.slack.com/archives/C0335KUH5AN/p1786722778597889
2026-08-14,08:58 PT,Joe Rzonsa,Din Tai Fung,https://drd.sh/cart/y5WRZ0R4Y0lcqMoQ/,4,fomo:4,1,https://grid-angellist.enterprise.slack.com/archives/C0335KUH5AN/p1786723098729669
2026-08-14,09:28 PT,Jonathan Gans,Unknown,https://drd.sh/cart/xr3SynYZdc3YVDsI/,0,,0,https://grid-angellist.enterprise.slack.com/archives/C0335KUH5AN/p1786724925084409
2026-08-14,09:33 PT,Jeremy Navarro,Comptons,https://drd.sh/cart/7sRD8XaMUEoJLaI1/,0,,0,https://grid-angellist.enterprise.slack.com/archives/C0335KUH5AN/p1786725234105279
2026-08-14,14:44 PT,Cody Maldonado,Unknown,https://drd.sh/cart/eLcVKE5S6SWvWx59/,0,,0,https://grid-angellist.enterprise.slack.com/archives/C0335KUH5AN/p1786743843225209
2026-08-17,06:18 PT,Jonathan Gans,Friedman's,https://drd.sh/cart/axy7KJkPW3bZ9pzs/,0,,1,https://grid-angellist.enterprise.slack.com/archives/C0335KUH5AN/p1786972709837929
2026-08-17,06:45 PT,Amy Saks,Unknown,https://drd.sh/cart/dKL3A3vnVgx312lZ/,0,,1,https://grid-angellist.enterprise.slack.com/archives/C0335KUH5AN/p1786974329224159
2026-08-17,08:25 PT,Jack Plank,Cava,https://drd.sh/cart/DZKQb2sCSiWWfc53/,0,,0,https://grid-angellist.enterprise.slack.com/archives/C0335KUH5AN/p1786980358300099
2026-08-17,08:40 PT,Francesca O'Brien,Sweetgreen,https://drd.sh/cart/27v30k1kEkdwFTcD/,0,,5,https://grid-angellist.enterprise.slack.com/archives/C0335KUH5AN/p1786981253623429
2026-08-17,09:16 PT,Jonathan Gans,Westville,https://drd.sh/cart/3EwHTxcQcqiEHvOi/,0,,0,https://grid-angellist.enterprise.slack.com/archives/C0335KUH5AN/p1786983404247229
2026-08-17,09:38 PT,Ryan Bauman,12 Chairs,https://drd.sh/cart/K2lQKMDmBV3b9MOw/,2,fire:1 lock:1,1,https://grid-angellist.enterprise.slack.com/archives/C0335KUH5AN/p1786984707017789
2026-08-17,10:52 PT,Griffin Malm,Coqodaq,https://drd.sh/cart/oyCe6XEAqU8EmcbF/,0,,1,https://grid-angellist.enterprise.slack.com/archives/C0335KUH5AN/p1786989159470149
2026-08-17,13:23 PT,Matt Bilotti,Sushi,https://drd.sh/cart/klLY7Xkx3zSbeVnW/,0,,4,https://grid-angellist.enterprise.slack.com/archives/C0335KUH5AN/p1786998212883819
2026-08-17,13:50 PT,Cody Maldonado,Unknown,https://drd.sh/cart/IWbgOorOxNzpBTDE/,0,,0,https://grid-angellist.enterprise.slack.com/archives/C0335KUH5AN/p1786999849136369
2026-08-17,14:29 PT,Jun Yoon,Ramen,https://drd.sh/cart/o7PlMrTDRi12KL3c/,0,,1,https://grid-angellist.enterprise.slack.com/archives/C0335KUH5AN/p1787002157780209
2026-08-18,06:39 PT,Jonathan Gans,Unknown,https://drd.sh/cart/2tACpMREX2I7X1cR/,0,,0,https://grid-angellist.enterprise.slack.com/archives/C0335KUH5AN/p1787060379288099
2026-08-18,08:00 PT,Aisha Ahamed,BCD,https://drd.sh/cart/1li8lM842PPAwdI7/,0,,2,https://grid-angellist.enterprise.slack.com/archives/C0335KUH5AN/p1787065226370769
2026-08-18,08:04 PT,Sam Petering,Lenwich,https://drd.sh/cart/ve49TZ4hJ731JBWX/,4,fire_on_fire:4,3,https://grid-angellist.enterprise.slack.com/archives/C0335KUH5AN/p1787065486034489
2026-08-18,08:07 PT,Nora Hafez,Sushi,https://drd.sh/cart/j3dCKIyP9n8WkNxW/,0,,0,https://grid-angellist.enterprise.slack.com/archives/C0335KUH5AN/p1787065640345339
2026-08-18,08:12 PT,Haley Young,Sweetgreen,https://drd.sh/cart/rTZC891hfKOmOWg8/,0,,1,https://grid-angellist.enterprise.slack.com/archives/C0335KUH5AN/p1787065964970319
2026-08-18,08:46 PT,Lavina Kalwani,Juicegen,https://drd.sh/cart/IBko2hhDTQWnrnRW/,0,,4,https://grid-angellist.enterprise.slack.com/archives/C0335KUH5AN/p1787067993958759
2026-08-18,10:36 PT,Ryan Bauman,Pio Pio,https://drd.sh/cart/tWuJZKHcTVgmA3AT/,0,,0,https://grid-angellist.enterprise.slack.com/archives/C0335KUH5AN/p1787074578629449
2026-08-18,13:06 PT,Aisha Ahamed,Cava,https://drd.sh/cart/4TekiB02RW9MlQiv/,0,,0,https://grid-angellist.enterprise.slack.com/archives/C0335KUH5AN/p1787083592789099
2026-08-18,13:12 PT,Jack Plank,Unknown,https://drd.sh/cart/NK6bVNkBIEVMq9gy/,1,handshake::skin-tone-5:1,0,https://grid-angellist.enterprise.slack.com/archives/C0335KUH5AN/p1787083930055309
2026-08-18,13:30 PT,Matt Bilotti,Thai Diner,https://drd.sh/cart/JYLqOCmUxrN9Q7Kp/,0,,3,https://grid-angellist.enterprise.slack.com/archives/C0335KUH5AN/p1787085010126389
2026-08-18,13:53 PT,Jonathan Gans,Thai Diner,https://drd.sh/cart/9Ks5FIkhjNWNlyHL/,1,pray::skin-tone-3:1,0,https://grid-angellist.enterprise.slack.com/archives/C0335KUH5AN/p1787086438418909
2026-08-18,13:56 PT,Jeremy Navarro,Thai Diner,https://drd.sh/cart/Tzs5jYboyeztmJoK/,5,joy:5,2,https://grid-angellist.enterprise.slack.com/archives/C0335KUH5AN/p1787086569952889
2026-08-18,15:24 PT,Joe Rzonsa,Dig,https://drd.sh/cart/aJB0xpYiYhjhs9lw/,0,,0,https://grid-angellist.enterprise.slack.com/archives/C0335KUH5AN/p1787091862429509
2026-08-19,08:25 PT,Tessa Coyle,Greek,https://drd.sh/cart/YehtDjGh8ZDQsIjD/,1,raised_hands:1,15,https://grid-angellist.enterprise.slack.com/archives/C0335KUH5AN/p1787153103548179
2026-08-19,08:27 PT,Khuzaima Maaz,Jersey Mike's,https://drd.sh/cart/FE1eWFchESlKSBUK/,1,raised_hands:1,0,https://grid-angellist.enterprise.slack.com/archives/C0335KUH5AN/p1787153255720609
2026-08-19,08:55 PT,Joe Rzonsa,Pura Vida,https://drd.sh/cart/39SpeXBOXa5HazEU/,0,,0,https://grid-angellist.enterprise.slack.com/archives/C0335KUH5AN/p1787154931396329
2026-08-19,09:02 PT,Ryan Bauman,Wolfnights,https://drd.sh/cart/SJky3ZlNOF7tMvMk/,0,,0,https://grid-angellist.enterprise.slack.com/archives/C0335KUH5AN/p1787155368946979
2026-08-19,09:04 PT,Tina Huang,Jollibee Jeremy,https://drd.sh/cart/kLMS4ZpV9QZto96R/,0,,4,https://grid-angellist.enterprise.slack.com/archives/C0335KUH5AN/p1787155496021599
2026-08-19,13:29 PT,Francesca O'Brien,Dig,https://drd.sh/cart/zLsZHXEDFh2XuPuu/,0,,1,https://grid-angellist.enterprise.slack.com/archives/C0335KUH5AN/p1787171387267559
2026-08-19,13:31 PT,Matt Bilotti,La Dong,https://drd.sh/cart/x0eCm9DfY7YimsMa/,0,,5,https://grid-angellist.enterprise.slack.com/archives/C0335KUH5AN/p1787171496619929
2026-08-19,13:41 PT,Griffin Malm,Fresh And Co,https://drd.sh/cart/uilBv0k1BhI6oIs7/,0,,0,https://grid-angellist.enterprise.slack.com/archives/C0335KUH5AN/p1787172072499549
2026-08-19,13:51 PT,Will Rosean,Semma,https://drd.sh/cart/alvzeU7nktwEilYJ/,7,joy:6 ofcourse:1,5,https://grid-angellist.enterprise.slack.com/archives/C0335KUH5AN/p1787172718960599
2026-08-19,13:52 PT,Jonathan Gans,Sushi,https://drd.sh/cart/fZrnhujOP0QhS0gM/,2,white_check_mark:1 pray::skin-tone-2:1,0,https://grid-angellist.enterprise.slack.com/archives/C0335KUH5AN/p1787172747288999
2026-08-19,14:38 PT,Joe Rzonsa,Au Zaatar,https://drd.sh/cart/MIRtXw7BCtXMOOgF/,0,,0,https://grid-angellist.enterprise.slack.com/archives/C0335KUH5AN/p1787175534665839
2026-08-20,06:26 PT,Jonathan Gans,Friedman's,https://drd.sh/cart/Pe2r79HJhIyRjM8a/,0,,0,https://grid-angellist.enterprise.slack.com/archives/C0335KUH5AN/p1787232362434199
2026-08-20,08:09 PT,Anna Koh,Pura Vida,https://drd.sh/cart/sugvaADaPJ68S8xQ/,5,fire:4 nail_care:1,3,https://grid-angellist.enterprise.slack.com/archives/C0335KUH5AN/p1787238548224739
2026-08-20,10:32 PT,Nora Hafez,Ilili,https://drd.sh/cart/dhIAI7n8W13fYTut/,1,raised_hands:1,11,https://grid-angellist.enterprise.slack.com/archives/C0335KUH5AN/p1787247153006529
2026-08-20,12:59 PT,Amy Saks,Pizza,https://drd.sh/cart/oGc9SfmN95lpE7Gc/,0,,23,https://grid-angellist.enterprise.slack.com/archives/C0335KUH5AN/p1787255966910849
2026-08-20,13:20 PT,Tina Huang,LPB,https://drd.sh/cart/4mzYoQrqhre457SX/,0,,10,https://grid-angellist.enterprise.slack.com/archives/C0335KUH5AN/p1787257249698039
2026-08-20,13:27 PT,Matt Bilotti,Sushi,https://drd.sh/cart/SbywUd9PuEXeW4W2/,0,,3,https://grid-angellist.enterprise.slack.com/archives/C0335KUH5AN/p1787257661854079
2026-08-21,08:19 PT,Francesca O'Brien,Pura Vida,https://drd.sh/cart/bTNTMZftGsqdHWbA/,1,eyes:1,6,https://grid-angellist.enterprise.slack.com/archives/C0335KUH5AN/p1787325543073999
2026-08-21,08:31 PT,Nora Hafez,Din Tai Fung,https://drd.sh/cart/fle3tWDyTwrCxhQp/,2,fire_on_fire:1 fomo:1,4,https://grid-angellist.enterprise.slack.com/archives/C0335KUH5AN/p1787326315537689
2026-08-21,09:30 PT,Nora Hafez,Lin & Daughters,https://drd.sh/cart/MDmVkgWsHOXUSkCC/,1,eyeslooking:1,0,https://grid-angellist.enterprise.slack.com/archives/C0335KUH5AN/p1787329814496929
2026-08-21,13:21 PT,Cody Maldonado,Unknown,https://drd.sh/cart/pQAMheqTEIKNUSDL/,0,,0,https://grid-angellist.enterprise.slack.com/archives/C0335KUH5AN/p1787343709798159
2026-08-24,06:02 PT,Lavina Kalwani,Daily Provisions,https://drd.sh/cart/oJFqjjkEpIEIalol/,0,,0,https://grid-angellist.enterprise.slack.com/archives/C0335KUH5AN/p1787576558572519
2026-08-24,06:51 PT,Jonathan Gans,Family Business,https://drd.sh/cart/xy7OX28TXcDhb2Yi/,1,heart:1,0,https://grid-angellist.enterprise.slack.com/archives/C0335KUH5AN/p1787579484611909
2026-08-24,08:35 PT,Madison Friedman,Lenwich,https://drd.sh/cart/uIcybrcR2523XyPO/,1,raised_hands:1,0,https://grid-angellist.enterprise.slack.com/archives/C0335KUH5AN/p1787585701569429
2026-08-24,08:40 PT,Joe Rzonsa,Pura Vida,https://drd.sh/cart/u0W7UMRBfDPfjltF/,3,man_dancing:2 -1:1,0,https://grid-angellist.enterprise.slack.com/archives/C0335KUH5AN/p1787586003319659
2026-08-24,09:03 PT,Ryan Bauman,Soosh,https://drd.sh/cart/Q18qBMDYmBfCcZ4c/,1,lock:1,0,https://grid-angellist.enterprise.slack.com/archives/C0335KUH5AN/p1787587409059309
2026-08-24,09:40 PT,Jonathan Gans,Sweetgreen,https://drd.sh/cart/xmQ5VLVW0qgiMsDn/,2,pray:2,0,https://grid-angellist.enterprise.slack.com/archives/C0335KUH5AN/p1787589633262749
2026-08-24,13:32 PT,Lavina Kalwani,Soosh,https://drd.sh/cart/B3fo3GKadkE53v8S/,0,,9,https://grid-angellist.enterprise.slack.com/archives/C0335KUH5AN/p1787603562277129
2026-08-24,13:37 PT,Jack Plank,L’Artusi,https://drd.sh/cart/UcWIsAcunSCXEWDW/,0,,0,https://grid-angellist.enterprise.slack.com/archives/C0335KUH5AN/p1787603834249639
2026-08-24,13:38 PT,Francesca O'Brien,Dig,https://drd.sh/cart/oEwA1n6Ec5XAy8xM/,0,,0,https://grid-angellist.enterprise.slack.com/archives/C0335KUH5AN/p1787603888815519
2026-08-25,08:15 PT,Jack Plank,Unknown,https://drd.sh/cart/pZPtsW8DxLPMsB9i/,0,,0,https://grid-angellist.enterprise.slack.com/archives/C0335KUH5AN/p1787670955731399
2026-08-25,08:16 PT,Amy Saks,PV,https://drd.sh/cart/gRQ4vT6PfVksdSeT/,3,raised_hands:2 raised_hands::skin-tone-3:1,10,https://grid-angellist.enterprise.slack.com/archives/C0335KUH5AN/p1787670991858609
2026-08-25,08:22 PT,Ananya Devanur,Sweetgreen,https://drd.sh/cart/lnAQy7FLSPDXEobd/,1,eyes:1,0,https://grid-angellist.enterprise.slack.com/archives/C0335KUH5AN/p1787671347485449
2026-08-25,08:36 PT,Joe Rzonsa,Pura Vida,https://drd.sh/cart/kHtP2cgchwu9PrTI/,1,man-facepalming:1,13,https://grid-angellist.enterprise.slack.com/archives/C0335KUH5AN/p1787672208741259
2026-08-25,09:15 PT,Maxim Kalinkin,Chipotle,https://drd.sh/cart/e8k00pyWYDBEl832/,1,x:1,3,https://grid-angellist.enterprise.slack.com/archives/C0335KUH5AN/p1787674513280669
2026-08-25,09:56 PT,Jeremy Navarro,Friedman's,https://drd.sh/cart/yHCM2xRDtpetBrgp/,0,,0,https://grid-angellist.enterprise.slack.com/archives/C0335KUH5AN/p1787676966357219
2026-08-25,13:43 PT,Francesca O'Brien,Sweetgreen,https://drd.sh/cart/MZpdiOjaW4MXLKNM/,0,,0,https://grid-angellist.enterprise.slack.com/archives/C0335KUH5AN/p1787690613079729
2026-08-25,13:45 PT,Will Rosean,Odo,https://drd.sh/cart/EnFshthOexeOk7te/,0,,3,https://grid-angellist.enterprise.slack.com/archives/C0335KUH5AN/p1787690709096669
2026-08-25,13:59 PT,Sarah Zheng,Korean,https://drd.sh/cart/Z2q6GYG7nbMUMH1J/,1,heart:1,0,https://grid-angellist.enterprise.slack.com/archives/C0335KUH5AN/p1787691544280299
2026-08-25,13:59 PT,Joe Rzonsa,Ramen,https://drd.sh/cart/cNst644e7OOAxM0L/,0,,0,https://grid-angellist.enterprise.slack.com/archives/C0335KUH5AN/p1787691569454529
2026-08-25,14:01 PT,Ryan Bauman,Fumo,https://drd.sh/cart/tWnwXmSxjr39FArY/,0,,9,https://grid-angellist.enterprise.slack.com/archives/C0335KUH5AN/p1787691670948159
2026-08-25,14:13 PT,Griffin Malm,Cafe Mogador,https://drd.sh/cart/hwdDcuWoqSD0r7NQ/,0,,2,https://grid-angellist.enterprise.slack.com/archives/C0335KUH5AN/p1787692414408929
2026-08-25,15:52 PT,Jonah Lecker,Han Dynasty,https://drd.sh/cart/2Fl70j0bERXlHbHX/,1,+1:1,0,https://grid-angellist.enterprise.slack.com/archives/C0335KUH5AN/p1787698325319089
2026-08-26,08:20 PT,Sam Petering,Chipotle,https://drd.sh/cart/He3gbacFJEGiIVWE/,0,,0,https://grid-angellist.enterprise.slack.com/archives/C0335KUH5AN/p1787757613018189
2026-08-26,08:25 PT,Aisha Ahamed,Top Thai,https://drd.sh/cart/7Dhi5xjBxh2hziVW/,2,raised_hands:1 ty:1,0,https://grid-angellist.enterprise.slack.com/archives/C0335KUH5AN/p1787757901709709
2026-08-26,08:50 PT,Arshia Daghoghi,Joe & The Juice,https://www.doordash.com/cart/7748e7e6-21f5-4431-bb71-d49c0be9b080?openGroupCartShare=true,0,,0,https://grid-angellist.enterprise.slack.com/archives/C0335KUH5AN/p1787759406799049
2026-08-26,08:52 PT,Griffin Malm,Compton's,https://drd.sh/cart/qTSG4B6T8KYjcE5I/,0,,0,https://grid-angellist.enterprise.slack.com/archives/C0335KUH5AN/p1787759545080609
2026-08-26,09:55 PT,Khuzaima Maaz,Hey Yoghurt,https://drd.sh/cart/rWJzkgvMRB4Rc2c8/,0,,1,https://grid-angellist.enterprise.slack.com/archives/C0335KUH5AN/p1787763352516509
2026-08-26,09:59 PT,Joe Rzonsa,Springbone,https://drd.sh/cart/MiqIzBuWbUkMd8oB/,0,,0,https://grid-angellist.enterprise.slack.com/archives/C0335KUH5AN/p1787763553869649
2026-08-26,13:29 PT,Matt Bilotti,Thai Diner,https://drd.sh/cart/CpatBQyomzqCgh1D/,0,,0,https://grid-angellist.enterprise.slack.com/archives/C0335KUH5AN/p1787776177049839
2026-08-26,13:48 PT,Jack Plank,Sushi,https://drd.sh/cart/BdJZrbCIzO9fw3LR/,1,fire:1,0,https://grid-angellist.enterprise.slack.com/archives/C0335KUH5AN/p1787777310533839
2026-08-26,14:04 PT,Arshia Daghoghi,Javelina,https://drd.sh/cart/DuVfFxsH86fsCkyc/,1,pray::skin-tone-3:1,1,https://grid-angellist.enterprise.slack.com/archives/C0335KUH5AN/p1787778266153139
2026-08-26,14:09 PT,Joe Rzonsa,Au Zaatar,https://drd.sh/cart/BUGaup85edTzZd2w/,0,,0,https://grid-angellist.enterprise.slack.com/archives/C0335KUH5AN/p1787778563969089
2026-08-27,08:39 PT,Dre Ramirez Jr.,Chinese,https://drd.sh/cart/8jDq94MvYBDTFN0O/,3,fire:2 thank_you:1,0,https://grid-angellist.enterprise.slack.com/archives/C0335KUH5AN/p1787845174278999
2026-08-27,08:43 PT,Khuzaima Maaz,Subs,https://drd.sh/cart/eq7Gya6uoQUwW6t8/,0,,0,https://grid-angellist.enterprise.slack.com/archives/C0335KUH5AN/p1787845394848849
2026-08-27,08:47 PT,Aisha Ahamed,Sushi,https://drd.sh/cart/uHuD7apKWLDkWXVC/,4,blob-party:2 fire_on_fire:2,0,https://grid-angellist.enterprise.slack.com/archives/C0335KUH5AN/p1787845628321379
2026-08-27,08:55 PT,Sarah Zheng,Westville,https://drd.sh/cart/QBV3xvCf1qbUhzCE/,0,,0,https://grid-angellist.enterprise.slack.com/archives/C0335KUH5AN/p1787846131853799
2026-08-27,13:59 PT,Griffin Malm,Chick-fil-A,https://drd.sh/cart/5ioazEAAhGsWKjXm/,3,cowboy-eyes:3,0,https://grid-angellist.enterprise.slack.com/archives/C0335KUH5AN/p1787864353788019
2026-08-27,14:05 PT,Jun Yoon,Pho,https://drd.sh/cart/9AAZRiTuCFXdRJVP/,0,,0,https://grid-angellist.enterprise.slack.com/archives/C0335KUH5AN/p1787864722061379
2026-08-27,14:13 PT,Haley Young,Korean,https://drd.sh/cart/eWFyEWrmB2tyWtAU/,0,,0,https://grid-angellist.enterprise.slack.com/archives/C0335KUH5AN/p1787865230581569
2026-08-27,15:16 PT,Jonathan Gans,Nobu,https://drd.sh/cart/vsJzbJagvXPqIie4/,2,joy:2,2,https://grid-angellist.enterprise.slack.com/archives/C0335KUH5AN/p1787868963614839
2026-08-28,05:58 PT,Lavina Kalwani,Daily Provisions,https://drd.sh/cart/UJ0Lkhv5MS74JyS0/,0,,0,https://grid-angellist.enterprise.slack.com/archives/C0335KUH5AN/p1787921909007069
2026-08-28,07:28 PT,Griffin Malm,Pura Vida,https://drd.sh/cart/gaVhyBlrzDUErt4z/,0,,0,https://grid-angellist.enterprise.slack.com/archives/C0335KUH5AN/p1787927296714739
2026-08-28,08:22 PT,Erica Carlson,Unknown,https://drd.sh/cart/lXjLMPoGWlUfeHz4/,17,anguished:3 statue_of_liberty:9 face_holding_back_tears:5,3,https://grid-angellist.enterprise.slack.com/archives/C0335KUH5AN/p1787930546728909
2026-08-28,08:58 PT,Joe Rzonsa,Unknown,https://drd.sh/cart/zibhEMOgZsQXPD6W/,0,,0,https://grid-angellist.enterprise.slack.com/archives/C0335KUH5AN/p1787932684743679
2026-08-28,11:16 PT,Ryan Bauman,Comptons,https://drd.sh/cart/G1eRmih5PjDK8sbF/,0,,0,https://grid-angellist.enterprise.slack.com/archives/C0335KUH5AN/p1787940999254019
2026-08-28,13:22 PT,Lavina Kalwani,Dim Sum Sam,https://drd.sh/cart/roKQzfsmeQtFoCso/,1,fomo:1,0,https://grid-angellist.enterprise.slack.com/archives/C0335KUH5AN/p1787948542384599
2026-08-31,06:06 PT,Amy Saks,Unknown,https://drd.sh/cart/3bKf978bjYFbgLwe/,0,,0,https://grid-angellist.enterprise.slack.com/archives/C0335KUH5AN/p1788181567842559
2026-08-31,06:59 PT,Griffin Malm,Pura Vida,https://drd.sh/cart/JqZM9QTZbRTSFWiD/,0,,0,https://grid-angellist.enterprise.slack.com/archives/C0335KUH5AN/p1788184762699699
2026-08-31,08:42 PT,Tessa Coyle,Unknown,https://drd.sh/cart/hP7GCvE3hkVTJ2K0/,1,eyes:1,0,https://grid-angellist.enterprise.slack.com/archives/C0335KUH5AN/p1788190961509629
2026-08-31,08:46 PT,Sam Petering,Just Salad,https://drd.sh/cart/7JCCNpWYAagCbag9/,0,,0,https://grid-angellist.enterprise.slack.com/archives/C0335KUH5AN/p1788191170839289
2026-08-31,09:57 PT,Ryan Bauman,Soosh,https://drd.sh/cart/XRHL2OskvxvQx683/,1,lock:1,4,https://grid-angellist.enterprise.slack.com/archives/C0335KUH5AN/p1788195460113339
2026-08-31,13:34 PT,Jack Plank,Thai,https://drd.sh/cart/9A30d2oVPU7T1mPH/,0,,0,https://grid-angellist.enterprise.slack.com/archives/C0335KUH5AN/p1788208499411299
2026-08-31,13:44 PT,Will Rosean,Polo Bar,https://drd.sh/cart/f5ZxxA4fnEw5phqS/,2,raised_hands::skin-tone-5:1 joy:1,3,https://grid-angellist.enterprise.slack.com/archives/C0335KUH5AN/p1788209048307859
2026-08-31,14:19 PT,Sarah Zheng,Unknown,https://drd.sh/cart/KZTdKK9eFkjz6o17/,0,,0,https://grid-angellist.enterprise.slack.com/archives/C0335KUH5AN/p1788211155494109
2026-08-31,14:20 PT,Ryan Bauman,Fumo,https://drd.sh/cart/hMJr5Rkkj6sTAoJM/,1,lock:1,1,https://grid-angellist.enterprise.slack.com/archives/C0335KUH5AN/p1788211212606619
2026-09-01,08:16 PT,Asher Bykov,Tacombi,https://drd.sh/cart/hBaR8GpElfW6iPTA/,1,drooling_face:1,4,https://grid-angellist.enterprise.slack.com/archives/C0335KUH5AN/p1788275794447629
2026-09-01,09:51 PT,Lavina Kalwani,Pokeworks,https://drd.sh/cart/p3jhQLn2QmfZV6oG/,0,,0,https://grid-angellist.enterprise.slack.com/archives/C0335KUH5AN/p1788281504575119
2026-09-01,10:42 PT,Haley Young,Sweetgreen,https://drd.sh/cart/kXdaj0W4k58mApZm/,0,,1,https://grid-angellist.enterprise.slack.com/archives/C0335KUH5AN/p1788284545056679
2026-09-01,10:43 PT,Ryan Bauman,Unknown,https://drd.sh/cart/DySBmFwcTliX5bFq/,1,lock:1,1,https://grid-angellist.enterprise.slack.com/archives/C0335KUH5AN/p1788284601601469
2026-09-01,10:53 PT,Griffin Malm,Compton's,https://drd.sh/cart/NJ3rE8mpuijzOMcQ/,0,,0,https://grid-angellist.enterprise.slack.com/archives/C0335KUH5AN/p1788285238823719
2026-09-01,12:12 PT,Leia Slosberg,Boba,https://drd.sh/cart/rEgbv30g0GmDY1cb/,3,raised_hands:3,3,https://grid-angellist.enterprise.slack.com/archives/C0335KUH5AN/p1788289973170479
2026-09-01,13:30 PT,Ethan Braren,Chinese,https://www.doordash.com/cart/11286289-fb68-4d8a-bdce-cb2215266b65?openGroupCartShare=true,0,,0,https://grid-angellist.enterprise.slack.com/archives/C0335KUH5AN/p1788294612911299
2026-09-01,13:30 PT,Will Rosean,Soosh,https://drd.sh/cart/ntXGC8ysqtc5E5Cs/,0,,0,https://grid-angellist.enterprise.slack.com/archives/C0335KUH5AN/p1788294659356309
2026-09-01,13:32 PT,Bisher Anadani,Balade,https://drd.sh/cart/4jrCcH1pKubktkye/,0,,2,https://grid-angellist.enterprise.slack.com/archives/C0335KUH5AN/p1788294759633159
2026-09-01,13:32 PT,Francesca O'Brien,Dig,https://drd.sh/cart/u1lOKA92NSEiALoS/,0,,0,https://grid-angellist.enterprise.slack.com/archives/C0335KUH5AN/p1788294766792159
2026-09-01,13:39 PT,Aisha Ahamed,Sushi,https://drd.sh/cart/ViA7RMIq7aZphQmt/,0,,7,https://grid-angellist.enterprise.slack.com/archives/C0335KUH5AN/p1788295183916209
2026-09-01,14:13 PT,Manav Mehta,Thai Diner,https://drd.sh/cart/khrVH5dkXj9DPlzO/,3,yum:1 heart:2,0,https://grid-angellist.enterprise.slack.com/archives/C0335KUH5AN/p1788297190520029
2026-09-01,15:33 PT,Ryan Bauman,Unknown,https://drd.sh/cart/Kg7hsyNeDVvbMeb3/,2,lock:1 pray::skin-tone-3:1,0,https://grid-angellist.enterprise.slack.com/archives/C0335KUH5AN/p1788301985888209
2026-09-02,08:35 PT,Arshia Daghoghi,Joe & The Juice,https://drd.sh/cart/BsbBVqPadEJqktGx/,0,,1,https://grid-angellist.enterprise.slack.com/archives/C0335KUH5AN/p1788363332513599
2026-09-02,08:56 PT,Griffin Malm,Som Bo,https://drd.sh/cart/7ftjgMEw1RNTqCRt/,1,eyes:1,0,https://grid-angellist.enterprise.slack.com/archives/C0335KUH5AN/p1788364589361889
2026-09-02,09:56 PT,Sam Petering,Chipotle,https://drd.sh/cart/8qUZk2HcNawZAL62/,0,,0,https://grid-angellist.enterprise.slack.com/archives/C0335KUH5AN/p1788368208434689
2026-09-02,13:32 PT,Haley Young,Unknown,https://drd.sh/cart/ZcA25SDEA1FX2Cd9/,2,fire_on_fire:1 lock:1,14,https://grid-angellist.enterprise.slack.com/archives/C0335KUH5AN/p1788381147582569
2026-09-02,13:36 PT,Jack Plank,Thai,https://drd.sh/cart/SAyFjLcUEPCaaKue/,0,,0,https://grid-angellist.enterprise.slack.com/archives/C0335KUH5AN/p1788381382618089
2026-09-02,13:38 PT,Khuzaima Maaz,Burgers,https://drd.sh/cart/zKBDJKABWy3gBSHt/,4,fire_on_fire:3 fomo:1,6,https://grid-angellist.enterprise.slack.com/archives/C0335KUH5AN/p1788381522621449
2026-09-02,13:50 PT,Ryan Bauman,Hatsune,https://drd.sh/cart/d2HKCjJyrzl3qOzp/,0,,10,https://grid-angellist.enterprise.slack.com/archives/C0335KUH5AN/p1788382252852619
2026-09-02,14:11 PT,Jun Yoon,Korean,https://drd.sh/cart/Z0T0KFMXQ15DwgyG/,0,,4,https://grid-angellist.enterprise.slack.com/archives/C0335KUH5AN/p1788383462033259
2026-09-02,14:52 PT,Maxim Kalinkin,Westville,https://drd.sh/cart/es4WTUcpM3dogkJM/,0,,0,https://grid-angellist.enterprise.slack.com/archives/C0335KUH5AN/p1788385952593809
2026-09-03,08:52 PT,Leia Slosberg,Westville,https://drd.sh/cart/tjbrinH3MRzW7PPl/,1,pray:1,0,https://grid-angellist.enterprise.slack.com/archives/C0335KUH5AN/p1788450768494629
2026-09-03,08:52 PT,Lavina Kalwani,35 West,https://drd.sh/cart/9Uj1Vv6aL4gL2OzZ/,0,,0,https://grid-angellist.enterprise.slack.com/archives/C0335KUH5AN/p1788450769008489
2026-09-03,08:53 PT,Francesca O'Brien,Echo & the Juice,https://drd.sh/cart/IBhzj9KSgDKeZUUq/,3,fire_on_fire:3,2,https://grid-angellist.enterprise.slack.com/archives/C0335KUH5AN/p1788450790055829
2026-09-03,09:51 PT,Griffin Malm,Pura Vida,https://drd.sh/cart/mS0rIj6oPznO7Axv/,1,eyes:1,0,https://grid-angellist.enterprise.slack.com/archives/C0335KUH5AN/p1788454267106679
2026-09-03,13:43 PT,Jack Plank,Unknown,https://drd.sh/cart/eroEnKekwAfUhohc/,0,,0,https://grid-angellist.enterprise.slack.com/archives/C0335KUH5AN/p1788468200989049
2026-09-03,13:56 PT,Francesca O'Brien,Daily Provisions,https://drd.sh/cart/3Itlo9m6HSiZx5Uj/,0,,0,https://grid-angellist.enterprise.slack.com/archives/C0335KUH5AN/p1788468988627919
2026-09-03,14:12 PT,Bisher Anadani,Pasta,https://drd.sh/cart/g4spNGO8hcVGHNXg/,1,fire:1,0,https://grid-angellist.enterprise.slack.com/archives/C0335KUH5AN/p1788469956270569
2026-09-04,06:00 PT,Elisa DiMauro,Hutch & Waldo,https://drd.sh/cart/3sr73Eelllpy7QxP/,0,,0,https://grid-angellist.enterprise.slack.com/archives/C0335KUH5AN/p1788526855641189
2026-09-04,08:54 PT,Griffin Malm,Son Del North,https://drd.sh/cart/7HFQa4Uuh8azdhaT/,1,fomo:1,3,https://grid-angellist.enterprise.slack.com/archives/C0335KUH5AN/p1788537268383599
2026-09-04,08:57 PT,Francesca O'Brien,Ongi,https://drd.sh/cart/Lyh9mCYVvDh6oxhY/,0,,0,https://grid-angellist.enterprise.slack.com/archives/C0335KUH5AN/p1788537449993739
2026-09-04,11:21 PT,Ryan Bauman,Sweet Treat,https://drd.sh/cart/mzOl7FMRfTNnEcBa/,3,happy_birthday:2 lock:1,1,https://grid-angellist.enterprise.slack.com/archives/C0335KUH5AN/p1788546068637699
2026-09-04,13:34 PT,Matt Bilotti,Sushi,https://drd.sh/cart/0Sagkzb8fneT68Ek/,0,,0,https://grid-angellist.enterprise.slack.com/archives/C0335KUH5AN/p1788554096113469
2026-09-04,14:05 PT,Khuzaima Maaz,Gupshup,https://drd.sh/cart/9ckHb7N8FFc4wiza/,4,fomo:3 fire:1,0,https://grid-angellist.enterprise.slack.com/archives/C0335KUH5AN/p1788555907073209
2026-09-08,08:13 PT,Amy Saks,Pura Vida,https://drd.sh/cart/OMO5DFO1oImfyi2n/,2,fire:2,0,https://grid-angellist.enterprise.slack.com/archives/C0335KUH5AN/p1788880417704169
2026-09-08,08:15 PT,Nadia Koritareva,Poke,https://drd.sh/cart/aapxzjvVfLe5KTQ1/,0,,7,https://grid-angellist.enterprise.slack.com/archives/C0335KUH5AN/p1788880500620669
2026-09-08,08:15 PT,Khuzaima Maaz,Five Spice,https://drd.sh/cart/KNaULUkSZB2wySIj/,0,,0,https://grid-angellist.enterprise.slack.com/archives/C0335KUH5AN/p1788880505971199
2026-09-08,08:32 PT,Aisha Ahamed,Joe & The Juice,https://drd.sh/cart/9ZvlDW98Kxe32QSj/,1,eyes:1,0,https://grid-angellist.enterprise.slack.com/archives/C0335KUH5AN/p1788881541964219
2026-09-08,09:11 PT,Jonathan Gans,Westville,https://drd.sh/cart/K4XyNAV1WImlVSJ0/,0,,0,https://grid-angellist.enterprise.slack.com/archives/C0335KUH5AN/p1788883886511869
2026-09-08,13:28 PT,Jack Plank,Sushi,https://drd.sh/cart/zBPbR9dmB04Ggzpf/,1,fire_on_fire:1,0,https://grid-angellist.enterprise.slack.com/archives/C0335KUH5AN/p1788899285107259
2026-09-08,13:48 PT,Dre Ramirez Jr.,Domino's,https://www.doordash.com/cart/548605a9-1a5f-4647-9e4b-d7b9e958e0cc?openGroupCartShare=true,7,jaw-drop:6 x:1,18,https://grid-angellist.enterprise.slack.com/archives/C0335KUH5AN/p1788900489923379
2026-09-08,14:15 PT,Bisher Anadani,Ilili,https://drd.sh/cart/BNvLXIyWvaigMuLa/,0,,2,https://grid-angellist.enterprise.slack.com/archives/C0335KUH5AN/p1788902131819629
2026-09-08,14:17 PT,Ryan Bauman,Au Zaatar,https://drd.sh/cart/aeKsSJP7VCZ0Etsl/,0,,0,https://grid-angellist.enterprise.slack.com/archives/C0335KUH5AN/p1788902276675729
2026-09-09,06:26 PT,Jonathan Gans,Friedman's,https://drd.sh/cart/ej0RBqBB3QHL9IqG/,0,,1,https://grid-angellist.enterprise.slack.com/archives/C0335KUH5AN/p1788960413669429
2026-09-09,08:15 PT,Madison Friedman,Lenwhich,https://drd.sh/cart/K3bw2lR9OuojJE15/,1,raised_hands:1,1,https://grid-angellist.enterprise.slack.com/archives/C0335KUH5AN/p1788966950055539
2026-09-09,08:44 PT,Griffin Malm,Pura Vida,https://drd.sh/cart/yHDjdCUuGOKbNqRX/,0,,4,https://grid-angellist.enterprise.slack.com/archives/C0335KUH5AN/p1788968692670819
2026-09-09,08:57 PT,Leia Slosberg,Sweetgreen,https://drd.sh/cart/uYb3sl0XX8BifShQ/,4,raised_hands:3 pinching_hand:1,1,https://grid-angellist.enterprise.slack.com/archives/C0335KUH5AN/p1788969434625539
2026-09-09,09:00 PT,Khuzaima Maaz,Tacombi,https://drd.sh/cart/35VQBl6Wew95oDp4/,1,disappointed:1,0,https://grid-angellist.enterprise.slack.com/archives/C0335KUH5AN/p1788969642112769
2026-09-09,10:42 PT,Jeremy Navarro,Cava,https://drd.sh/cart/iEBtP22DQibdjW7h/,0,,0,https://grid-angellist.enterprise.slack.com/archives/C0335KUH5AN/p1788975731912599
2026-09-09,13:40 PT,Arshia Daghoghi,Ravagh,https://drd.sh/cart/EjWqiMeyLMZyIK6j/,0,,0,https://grid-angellist.enterprise.slack.com/archives/C0335KUH5AN/p1788986424339469
2026-09-09,14:18 PT,Tina Huang,La Dong,https://drd.sh/cart/3hOxW20PkDKae9E6/,1,smiling_face_with_tear:1,0,https://grid-angellist.enterprise.slack.com/archives/C0335KUH5AN/p1788988701293549
2026-09-09,14:40 PT,Jonah Lecker,Sushi,https://drd.sh/cart/OyP1m7bo2glBMqs8/,2,dancing_penguin:2,1,https://grid-angellist.enterprise.slack.com/archives/C0335KUH5AN/p1788990015554939
2026-09-09,15:06 PT,Ryan Bauman,Hatsune,https://drd.sh/cart/FF7HHCv2qnHHOjsn/,1,lock:1,5,https://grid-angellist.enterprise.slack.com/archives/C0335KUH5AN/p1788991613710169
2026-09-10,08:32 PT,Francesca O'Brien,J&J,https://drd.sh/cart/WZsx2M0IYkFlVZ2H/,0,,3,https://grid-angellist.enterprise.slack.com/archives/C0335KUH5AN/p1789054325031669
2026-09-10,08:36 PT,Ananya Devanur,Sweetgreen,https://drd.sh/cart/LQlRSpZHEDL3aoF0/,0,,0,https://grid-angellist.enterprise.slack.com/archives/C0335KUH5AN/p1789054613407429
2026-09-10,08:38 PT,Amy Saks,Handrolls,https://drd.sh/cart/08G1RKoXE433bNix/,0,,0,https://grid-angellist.enterprise.slack.com/archives/C0335KUH5AN/p1789054718346079
2026-09-10,09:38 PT,Griffin Malm,Pura Vida,https://drd.sh/cart/lZfmwS8A1g40AkGH/,0,,19,https://grid-angellist.enterprise.slack.com/archives/C0335KUH5AN/p1789058336871479
2026-09-10,13:52 PT,Matt Bilotti,Ichibantei,https://drd.sh/cart/vToyWpdKBQU2fjXp/,0,,0,https://grid-angellist.enterprise.slack.com/archives/C0335KUH5AN/p1789073569862189
2026-09-10,14:06 PT,Dre Ramirez Jr.,Parm,https://drd.sh/cart/gzBIOXsIRiP0J1l8/,0,,3,https://grid-angellist.enterprise.slack.com/archives/C0335KUH5AN/p1789074417983099
2026-09-10,14:10 PT,Khuzaima Maaz,Lebanese,https://drd.sh/cart/jB9ta1NfMiSwCmr1/,2,raised_hands:2,8,https://grid-angellist.enterprise.slack.com/archives/C0335KUH5AN/p1789074639512169
2026-09-11,06:12 PT,Elisa DiMauro,The Elk,https://drd.sh/cart/1FJ3E8PWOJInyzyp/,0,,0,https://grid-angellist.enterprise.slack.com/archives/C0335KUH5AN/p1789132356628839
2026-09-11,06:35 PT,Tina Huang,Win Son Bakery,https://drd.sh/cart/rRbalFE6STafPAL2/,12,fire_on_fire:9 fomo:3,2,https://grid-angellist.enterprise.slack.com/archives/C0335KUH5AN/p1789133735156619
2026-09-11,07:07 PT,Griffin Malm,Pura Vida,https://drd.sh/cart/09WuIv9pkv3DGLyk/,6,rolling_on_the_floor_laughing:6,0,https://grid-angellist.enterprise.slack.com/archives/C0335KUH5AN/p1789135678909349
2026-09-11,08:57 PT,Arshia Daghoghi,J&J,https://drd.sh/cart/lCfNHL1GDstDrfv2/,6,slay2:3 cry:1 slay1:1 homer-disappear:1,2,https://grid-angellist.enterprise.slack.com/archives/C0335KUH5AN/p1789142255625369
2026-09-11,09:11 PT,Anna Koh,Lenwhich,https://drd.sh/cart/rFfXyAAAdkcvvztB/,1,leafy_green:1,0,https://grid-angellist.enterprise.slack.com/archives/C0335KUH5AN/p1789143101969169
2026-09-11,10:03 PT,Griffin Malm,Compton's,https://drd.sh/cart/QbuWhs6MR4dhAtNi/,0,,0,https://grid-angellist.enterprise.slack.com/archives/C0335KUH5AN/p1789146197060619
2026-09-11,13:22 PT,Viv Hong,Cheli,https://drd.sh/cart/v8WmHBdz6EnHpbMP/,4,fomo:3 crycat:1,0,https://grid-angellist.enterprise.slack.com/archives/C0335KUH5AN/p1789158129130569
2026-09-11,13:23 PT,Khuzaima Maaz,Indian,https://drd.sh/cart/7x4m2I48nRRcWrCz/,0,,1,https://grid-angellist.enterprise.slack.com/archives/C0335KUH5AN/p1789158194199049
2026-09-11,16:31 PT,Nadia Koritareva,Antidote,https://drd.sh/cart/Ha8434O0zWYZlM3m/,0,,1,https://grid-angellist.enterprise.slack.com/archives/C0335KUH5AN/p1789169519894249
2026-09-14,06:36 PT,Leia Slosberg,Hutch & Waldo,https://drd.sh/cart/mT865cbN6BFFW8W5/,0,,0,https://grid-angellist.enterprise.slack.com/archives/C0335KUH5AN/p1789392962907549
2026-09-14,07:21 PT,Griffin Malm,Pura Vida,https://drd.sh/cart/NZa2qb5Qct63wfgu/,2,eyes:1 rolling_on_the_floor_laughing:1,0,https://grid-angellist.enterprise.slack.com/archives/C0335KUH5AN/p1789395695613839
2026-09-14,08:40 PT,Anna Koh,BCD Tofu House,https://drd.sh/cart/nNh2KhUZFqg0YWj4/,2,fomo:1 fire_on_fire:1,0,https://grid-angellist.enterprise.slack.com/archives/C0335KUH5AN/p1789400429442629
2026-09-14,08:45 PT,Francesca O'Brien,Sweetgreen,https://drd.sh/cart/stD4VO46Jd69PLFH/,0,,0,https://grid-angellist.enterprise.slack.com/archives/C0335KUH5AN/p1789400729494829
2026-09-14,09:33 PT,Tina Huang,Kame,https://drd.sh/cart/cscoapvHPqau87YU/,0,,0,https://grid-angellist.enterprise.slack.com/archives/C0335KUH5AN/p1789403635740879
2026-09-14,09:36 PT,Griffin Malm,Cava,https://drd.sh/cart/TgApxmuYZlnZyPyb/,1,eyes:1,2,https://grid-angellist.enterprise.slack.com/archives/C0335KUH5AN/p1789403810792119
2026-09-14,13:32 PT,Will Rosean,Los Pollos Hermanos,https://drd.sh/cart/yok1C0C8duPJPHju/,0,,9,https://grid-angellist.enterprise.slack.com/archives/C0335KUH5AN/p1789417935944269
2026-09-14,13:50 PT,Leia Slosberg,Mala Project,https://drd.sh/cart/qRfxa2OFfJQpzXk0/,0,,0,https://grid-angellist.enterprise.slack.com/archives/C0335KUH5AN/p1789419051273589
2026-09-14,13:58 PT,Matt Bilotti,Thai,https://drd.sh/cart/pZHc5bl9yWv0PEqb/,0,,0,https://grid-angellist.enterprise.slack.com/archives/C0335KUH5AN/p1789419534157959
2026-09-14,14:19 PT,Dre Ramirez Jr.,Pio Pio,https://drd.sh/cart/ckPDreVyCDbfCpvm/,0,,0,https://grid-angellist.enterprise.slack.com/archives/C0335KUH5AN/p1789420771752479
2026-09-15,08:09 PT,Nora Hafez,Springbone,https://drd.sh/cart/vZX93MSADC66o443/,0,,5,https://grid-angellist.enterprise.slack.com/archives/C0335KUH5AN/p1789484993375459
2026-09-15,08:40 PT,Manav Mehta,J&J,https://drd.sh/cart/8iNRYOYwwRROku8y/,2,echo-and-the-juice1:2,4,https://grid-angellist.enterprise.slack.com/archives/C0335KUH5AN/p1789486854324609
2026-09-15,08:47 PT,Griffin Malm,SomBo,https://drd.sh/cart/NhgPkVfLEJnbS4Vg/,0,,0,https://grid-angellist.enterprise.slack.com/archives/C0335KUH5AN/p1789487275586699
2026-09-15,10:47 PT,Tessa Coyle,Daily Provisions,https://drd.sh/cart/6PqqbnywHal3cPVa/,0,,0,https://grid-angellist.enterprise.slack.com/archives/C0335KUH5AN/p1789494469793849
2026-09-15,13:51 PT,Aisha Ahamed,By Antidote,https://drd.sh/cart/gdgczgyMGG3ewQwu/,0,,0,https://grid-angellist.enterprise.slack.com/archives/C0335KUH5AN/p1789505476447549
2026-09-15,13:59 PT,Matt Bilotti,Westville,https://drd.sh/cart/ejtwDYB7NIHIXZ8L/,0,,4,https://grid-angellist.enterprise.slack.com/archives/C0335KUH5AN/p1789505968966149
2026-09-15,14:00 PT,Joe Rzonsa,Terra,https://drd.sh/cart/0CNokrCAMCLlq3lb/,0,,0,https://grid-angellist.enterprise.slack.com/archives/C0335KUH5AN/p1789506053806139
2026-09-15,14:27 PT,Jonathan Gans,Sushi,https://drd.sh/cart/STuHgGqhpOXwHPL1/,0,,0,https://grid-angellist.enterprise.slack.com/archives/C0335KUH5AN/p1789507652911739
2026-09-15,14:39 PT,Griffin Malm,Chick-fil-A,https://drd.sh/cart/CJiBjeE8z3AbDwd8/,0,,12,https://grid-angellist.enterprise.slack.com/archives/C0335KUH5AN/p1789508376324799
2026-09-15,15:10 PT,Manav Mehta,Unknown,https://drd.sh/cart/ZX4bnapcAUVtJrS3/,2,thankyou-1506:1 white_check_mark:1,0,https://grid-angellist.enterprise.slack.com/archives/C0335KUH5AN/p1789510256465439
2026-09-16,08:33 PT,Haley Young,Korean,https://drd.sh/cart/BN2kdY0mAtpBlA0r/,2,heart:2,0,https://grid-angellist.enterprise.slack.com/archives/C0335KUH5AN/p1789572835145119
2026-09-16,08:34 PT,Khuzaima Maaz,Jersey Mike's,https://drd.sh/cart/0sC8R9KTrfKUxaZ9/,3,fire:3,0,https://grid-angellist.enterprise.slack.com/archives/C0335KUH5AN/p1789572899174439
2026-09-16,08:39 PT,Jeremy Navarro,Soup,https://drd.sh/cart/mONx5UbZcpo8WOVE/,0,,0,https://grid-angellist.enterprise.slack.com/archives/C0335KUH5AN/p1789573164298529
2026-09-16,08:42 PT,Griffin Malm,Super Burrito,https://drd.sh/cart/qpS0QBJgPmd9HarL/,0,,9,https://grid-angellist.enterprise.slack.com/archives/C0335KUH5AN/p1789573339699089
2026-09-16,09:11 PT,Jonathan Gans,Sweetgreen,https://drd.sh/cart/5mTkRbC0U1X6LfNk/,0,,0,https://grid-angellist.enterprise.slack.com/archives/C0335KUH5AN/p1789575096421519
2026-09-16,10:10 PT,Ryan Bauman,Wolfnights,https://drd.sh/cart/H1pUej2Qsp70L4vD/,1,lock:1,0,https://grid-angellist.enterprise.slack.com/archives/C0335KUH5AN/p1789578623387099
2026-09-16,13:42 PT,Jack Plank,Unknown,https://drd.sh/cart/PROBUr40RhpKfucm/,0,,0,https://grid-angellist.enterprise.slack.com/archives/C0335KUH5AN/p1789591364359399
2026-09-16,13:45 PT,Matt Bilotti,Kame,https://drd.sh/cart/GiC1Ezf2PUi1dBt9/,0,,6,https://grid-angellist.enterprise.slack.com/archives/C0335KUH5AN/p1789591554410419
2026-09-16,13:46 PT,Dre Ramirez Jr.,Burger King,https://drd.sh/cart/pzzciEgsgjCG8TBL/,1,rolling_on_the_floor_laughing:1,7,https://grid-angellist.enterprise.slack.com/archives/C0335KUH5AN/p1789591581483719
2026-09-16,13:48 PT,Joe Rzonsa,Au Zaatar,https://drd.sh/cart/JWScauD75jdfb1oy/,0,,0,https://grid-angellist.enterprise.slack.com/archives/C0335KUH5AN/p1789591706968979
2026-09-17,06:51 PT,Jonathan Gans,Friedman's,https://drd.sh/cart/428YK3wUKU9q1BYp/,0,,0,https://grid-angellist.enterprise.slack.com/archives/C0335KUH5AN/p1789653118130009
2026-09-17,08:45 PT,Jack Plank,Avo,https://drd.sh/cart/MQk6uakWlXCjG2dW/,0,,0,https://grid-angellist.enterprise.slack.com/archives/C0335KUH5AN/p1789659927282909
2026-09-17,08:46 PT,Leia Slosberg,Compton's,https://drd.sh/cart/ijWO9ubxSpSpaBop/,4,raised_hands:3 raised_hands::skin-tone-5:1,0,https://grid-angellist.enterprise.slack.com/archives/C0335KUH5AN/p1789660016608149
2026-09-17,09:07 PT,Joe Rzonsa,Cava,https://drd.sh/cart/uqxSMvO04CJqlj2Q/,0,,0,https://grid-angellist.enterprise.slack.com/archives/C0335KUH5AN/p1789661238996049
2026-09-17,10:42 PT,Ryan Bauman,Potle,https://drd.sh/cart/nswRLx0vK1sa7Liq/,1,raised_hands:1,2,https://grid-angellist.enterprise.slack.com/archives/C0335KUH5AN/p1789666978591979
2026-09-17,13:33 PT,Will Rosean,Long John Silver's,https://drd.sh/cart/adB8u1APCIi5fMif/,2,fire_on_fire:2,0,https://grid-angellist.enterprise.slack.com/archives/C0335KUH5AN/p1789677225698649
2026-09-17,13:55 PT,Matt Bilotti,La Dong,https://drd.sh/cart/u3kuYD6TOgLvT0ER/,0,,4,https://grid-angellist.enterprise.slack.com/archives/C0335KUH5AN/p1789678511443189
2026-09-17,14:19 PT,Leia Slosberg,Soothr,https://drd.sh/cart/ETnfmygylU3O3NQq/,3,fomo:3,1,https://grid-angellist.enterprise.slack.com/archives/C0335KUH5AN/p1789679970160439
2026-09-17,14:44 PT,Joe Rzonsa,Dim Sum Sam,https://drd.sh/cart/RXnAnNNrPcYn2Dn8/,0,,0,https://grid-angellist.enterprise.slack.com/archives/C0335KUH5AN/p1789681483865329
2026-09-18,06:36 PT,Griffin Malm,Pura Vida,https://drd.sh/cart/gLrrhIPPBVsheR1z/,1,blob_sad:1,0,https://grid-angellist.enterprise.slack.com/archives/C0335KUH5AN/p1789738588496909
2026-09-18,08:35 PT,Sam Petering,Son Del North,https://drd.sh/cart/kTTaeGi1e6SBAOXo/,4,drooling_face:4,2,https://grid-angellist.enterprise.slack.com/archives/C0335KUH5AN/p1789745725587099
2026-09-18,08:44 PT,Manav Mehta,J&J,https://drd.sh/cart/qoIXbOBCESnapLP8/,8,echo-and-the-juice1:8,0,https://grid-angellist.enterprise.slack.com/archives/C0335KUH5AN/p1789746252852379
2026-09-18,08:49 PT,Griffin Malm,Glaze,https://drd.sh/cart/2z0mNjZh55qRvIqy/,0,,0,https://grid-angellist.enterprise.slack.com/archives/C0335KUH5AN/p1789746566103219
2026-09-18,09:13 PT,Joe Rzonsa,Pura Vida,https://drd.sh/cart/MJKBHXxFSTbX7Jsn/,0,,0,https://grid-angellist.enterprise.slack.com/archives/C0335KUH5AN/p1789747994553859
2026-09-18,14:08 PT,Joe Rzonsa,Laut,https://drd.sh/cart/hmeKXe07iovsKUM8/,3,fire_on_fire:3,0,https://grid-angellist.enterprise.slack.com/archives/C0335KUH5AN/p1789765693000199
2026-09-21,05:54 PT,Elisa DiMauro,Maman,https://drd.sh/cart/Q7tJfaxkTrS7TWh8/,0,,0,https://grid-angellist.enterprise.slack.com/archives/C0335KUH5AN/p1789995270985379
2026-09-21,06:11 PT,Tina Huang,Juice Generation,https://drd.sh/cart/dCE4eYqPGY8trBKf/,0,,0,https://grid-angellist.enterprise.slack.com/archives/C0335KUH5AN/p1789996294054599
2026-09-21,06:28 PT,Griffin Malm,Pura Vida,https://drd.sh/cart/ZZWCNeayk9DcnBAO/,0,,0,https://grid-angellist.enterprise.slack.com/archives/C0335KUH5AN/p1789997330370589
2026-09-21,07:10 PT,Jonathan Gans,Unknown,https://drd.sh/cart/YL7b9J7wp2MI2a9l/,0,,0,https://grid-angellist.enterprise.slack.com/archives/C0335KUH5AN/p1789999848451569
2026-09-21,09:05 PT,Cody Maldonado,Cava,https://drd.sh/cart/aYvSzyHdRNrZVQiF/,1,partycongablob:1,0,https://grid-angellist.enterprise.slack.com/archives/C0335KUH5AN/p1790006755035489
2026-09-21,10:49 PT,Griffin Malm,Som Bo,https://drd.sh/cart/KZXPUbRlQJqLo8vI/,3,ty:2 dancing_penguin:1,1,https://grid-angellist.enterprise.slack.com/archives/C0335KUH5AN/p1790012999191949
2026-09-21,13:21 PT,Will Rosean,Sushi,https://drd.sh/cart/k3BTyGZfBkHA5tvW/,1,disappointed:1,2,https://grid-angellist.enterprise.slack.com/archives/C0335KUH5AN/p1790022075036319
2026-09-21,13:32 PT,Francesca O'Brien,Daily Provisions,https://drd.sh/cart/pZlc9BCrbZtb7BSW/,0,,0,https://grid-angellist.enterprise.slack.com/archives/C0335KUH5AN/p1790022759589019
2026-09-21,13:48 PT,Cody Maldonado,Unknown,https://drd.sh/cart/rO6dbmOcCiBfudin/,0,,0,https://grid-angellist.enterprise.slack.com/archives/C0335KUH5AN/p1790023717161189
2026-09-22,08:18 PT,Khuzaima Maaz,Tacombi,https://www.doordash.com/cart/c101292e-a519-4ae3-ae84-154875d9e300?openGroupCartShare=true,0,,7,https://grid-angellist.enterprise.slack.com/archives/C0335KUH5AN/p1790090299234689
2026-09-22,08:24 PT,Aisha Ahamed,BCD,https://drd.sh/cart/X7IQpIRTyX411VLJ/,0,,0,https://grid-angellist.enterprise.slack.com/archives/C0335KUH5AN/p1790090655048199
2026-09-22,08:30 PT,Dre Ramirez Jr.,J&J,https://drd.sh/cart/mOoJbvQlC6M5z4Ln/,4,fire:1 echo-and-the-juice1:2 cry:1,0,https://grid-angellist.enterprise.slack.com/archives/C0335KUH5AN/p1790091057506449
2026-09-22,08:31 PT,Cody Maldonado,Hutch & Waldo,https://drd.sh/cart/PgTUZrmis6WSKEhV/,0,,0,https://grid-angellist.enterprise.slack.com/archives/C0335KUH5AN/p1790091077423719
2026-09-22,08:34 PT,Griffin Malm,Super Burrito,https://drd.sh/cart/Gka2jr21f7dK3eGG/,1,eyes:1,0,https://grid-angellist.enterprise.slack.com/archives/C0335KUH5AN/p1790091249805959
2026-09-22,13:41 PT,Sarah Zheng,Sushi Hatsune,https://drd.sh/cart/pBeJQG79qk1UMi5t/,0,,0,https://grid-angellist.enterprise.slack.com/archives/C0335KUH5AN/p1790109707805279
2026-09-22,13:46 PT,Will Rosean,Ol' Reliable,https://drd.sh/cart/984saemGx0R2hrkG/,0,,0,https://grid-angellist.enterprise.slack.com/archives/C0335KUH5AN/p1790109976631619
2026-09-22,13:50 PT,Anna Koh,Filipino,https://drd.sh/cart/XW9pUAQcyWcf94lU/,1,eyes:1,0,https://grid-angellist.enterprise.slack.com/archives/C0335KUH5AN/p1790110239262779
2026-09-22,14:04 PT,Jun Yoon,LPB,https://drd.sh/cart/PTldn74hlatuTPdV/,0,,13,https://grid-angellist.enterprise.slack.com/archives/C0335KUH5AN/p1790111084037519
2026-09-22,14:24 PT,Joe Rzonsa,Au Zaatar,https://drd.sh/cart/HMvINIzZZU1WsHAE/,0,,0,https://grid-angellist.enterprise.slack.com/archives/C0335KUH5AN/p1790112253917779
2026-09-23,08:10 PT,Anna Koh,Kimbap,https://drd.sh/cart/kjjFkSowi3oAaqgP/,3,fomo:1 heart:1 nail_care:1,4,https://grid-angellist.enterprise.slack.com/archives/C0335KUH5AN/p1790176211488019
2026-09-23,08:30 PT,Nadia Koritareva,Counter Service,https://drd.sh/cart/lDt9g9VfMQPwHFyk/,0,,1,https://grid-angellist.enterprise.slack.com/archives/C0335KUH5AN/p1790177458161299
2026-09-23,08:39 PT,Sam Petering,Inday,https://drd.sh/cart/PkfMU3AONHTow2KW/,0,,0,https://grid-angellist.enterprise.slack.com/archives/C0335KUH5AN/p1790177950010669
2026-09-23,08:41 PT,Griffin Malm,Compton's,https://drd.sh/cart/SAU7TxtjeD5Zj9Ka/,0,,3,https://grid-angellist.enterprise.slack.com/archives/C0335KUH5AN/p1790178067343169
2026-09-23,08:56 PT,Jonathan Gans,Sweetgreen,https://drd.sh/cart/tyU7KmrE0hlBtMoi/,0,,0,https://grid-angellist.enterprise.slack.com/archives/C0335KUH5AN/p1790178994888079
2026-09-23,10:13 PT,Ryan Bauman,Taim,https://drd.sh/cart/nNCuIIw0iNgzOxMq/,0,,4,https://grid-angellist.enterprise.slack.com/archives/C0335KUH5AN/p1790183587817589
2026-09-23,13:32 PT,Lavina Kalwani,Blue Mountain,https://drd.sh/cart/gtWNORqyz5JAKvWw/,0,,0,https://grid-angellist.enterprise.slack.com/archives/C0335KUH5AN/p1790195521737899
2026-09-23,13:38 PT,Will Rosean,Normie Eats,https://drd.sh/cart/KYmz7dvzOSzYr1KJ/,0,,0,https://grid-angellist.enterprise.slack.com/archives/C0335KUH5AN/p1790195891615409
2026-09-23,13:53 PT,Bisher Anadani,Turkish,https://drd.sh/cart/PaCtwXyfw8OjV06w/,0,,0,https://grid-angellist.enterprise.slack.com/archives/C0335KUH5AN/p1790196789195389
2026-09-23,14:45 PT,Joe Rzonsa,Terra,https://drd.sh/cart/euP4swXZyV12WVoH/,1,thankyou-1506:1,0,https://grid-angellist.enterprise.slack.com/archives/C0335KUH5AN/p1790199956848829
2026-09-24,08:57 PT,Jonathan Gans,Sushi,https://drd.sh/cart/iClzLjLDihIQONAA/,0,,1,https://grid-angellist.enterprise.slack.com/archives/C0335KUH5AN/p1790265449881699
2026-09-24,08:59 PT,Sam Petering,Just Salad,https://drd.sh/cart/7X4xUxXAEH5uND1E/,0,,0,https://grid-angellist.enterprise.slack.com/archives/C0335KUH5AN/p1790265556613279
2026-09-24,09:00 PT,Francesca O'Brien,Echo & the Juice,https://drd.sh/cart/bCyIZb2rToM1M9ba/,5,echo-and-the-juice1:5,0,https://grid-angellist.enterprise.slack.com/archives/C0335KUH5AN/p1790265629770109
2026-09-24,11:08 PT,Lavina Kalwani,Juice Gen,https://drd.sh/cart/U429C9pBeRpg2UfK/,0,,0,https://grid-angellist.enterprise.slack.com/archives/C0335KUH5AN/p1790273303535219
2026-09-24,13:47 PT,Matt Bilotti,Ichibantai,https://drd.sh/cart/oImWSZQhdOK1xGCw/,0,,5,https://grid-angellist.enterprise.slack.com/archives/C0335KUH5AN/p1790282853282789
2026-09-24,13:52 PT,Jeremy Navarro,Dim Sum Sam,https://drd.sh/cart/fn5XNf0xu5zL2HJ4/,0,,5,https://grid-angellist.enterprise.slack.com/archives/C0335KUH5AN/p1790283148994139
2026-09-24,14:15 PT,Griffin Malm,Cafe Mogador,https://drd.sh/cart/NSKNpt22OlXmO2sp/,0,,0,https://grid-angellist.enterprise.slack.com/archives/C0335KUH5AN/p1790284517579599
2026-09-24,14:20 PT,Jonathan Gans,Westville,https://drd.sh/cart/4BAW4q7GkqZp1YTX/,0,,0,https://grid-angellist.enterprise.slack.com/archives/C0335KUH5AN/p1790284817527819
2026-09-25,06:03 PT,Leia Slosberg,Hutch & Waldo,https://drd.sh/cart/6GKyOChtj0ltgUMm/,0,,6,https://grid-angellist.enterprise.slack.com/archives/C0335KUH5AN/p1790341415356629
2026-09-25,06:29 PT,Griffin Malm,Pura Vida,https://drd.sh/cart/ScrfhxU6HyCZ9t6n/,0,,0,https://grid-angellist.enterprise.slack.com/archives/C0335KUH5AN/p1790342965053319
2026-09-25,09:12 PT,Sarah Zheng,Soup,https://drd.sh/cart/2aKxjAedVIqOGVAP/,1,eyes:1,0,https://grid-angellist.enterprise.slack.com/archives/C0335KUH5AN/p1790352736245559
2026-09-25,09:33 PT,Amy Saks,Unknown,https://drd.sh/cart/Ol1pY5FZckkx4GSR/,0,,1,https://grid-angellist.enterprise.slack.com/archives/C0335KUH5AN/p1790353997701479
2026-09-25,09:42 PT,Sam Petering,Cava,https://drd.sh/cart/MhDjldezZ7NMqhXm/,0,,0,https://grid-angellist.enterprise.slack.com/archives/C0335KUH5AN/p1790354528251339
2026-09-28,06:06 PT,Anna Koh,Hutch & Waldo,https://drd.sh/cart/kaEJ4xaYMql9gXX2/,0,,0,https://grid-angellist.enterprise.slack.com/archives/C0335KUH5AN/p1790600818885419
2026-09-28,08:49 PT,Joe Rzonsa,Ramen,https://drd.sh/cart/38jv6ivooCHqZ7Xq/,0,,0,https://grid-angellist.enterprise.slack.com/archives/C0335KUH5AN/p1790610594877109
2026-09-28,08:55 PT,Jonah Lecker,Sushi,https://drd.sh/cart/vr14vrvTsA14qXzu/,0,,0,https://grid-angellist.enterprise.slack.com/archives/C0335KUH5AN/p1790610945301259
2026-09-28,09:45 PT,Sarah Zheng,Pura Vida,https://drd.sh/cart/R79fsWfuKkU9dtcx/,0,,0,https://grid-angellist.enterprise.slack.com/archives/C0335KUH5AN/p1790613904063899
2026-09-28,13:31 PT,Jack Plank,Ongi,https://drd.sh/cart/SKoxs0jHE6XefRRB/,6,rat:6,0,https://grid-angellist.enterprise.slack.com/archives/C0335KUH5AN/p1790627479011319
2026-09-28,13:39 PT,Cody Maldonado,Pio Pio,https://drd.sh/cart/S2uiuiIOxmuGHCCH/,0,,2,https://grid-angellist.enterprise.slack.com/archives/C0335KUH5AN/p1790627961957079
2026-09-28,14:02 PT,Will Rosean,Chipotle,https://drd.sh/cart/WR1lJCtzvyzQh9hg/,0,,2,https://grid-angellist.enterprise.slack.com/archives/C0335KUH5AN/p1790629343982659
2026-09-29,08:14 PT,Nora Hafez,Raku,https://drd.sh/cart/nwTE9WroXmF5CFEG/,5,fire:3 blob-aww:1 fomo:1,7,https://grid-angellist.enterprise.slack.com/archives/C0335KUH5AN/p1790694855909219
2026-09-29,08:16 PT,Maxim Kalinkin,Cafe Mogador,https://drd.sh/cart/0FQlRhKraVwSg2KT/,0,,0,https://grid-angellist.enterprise.slack.com/archives/C0335KUH5AN/p1790694979051239
2026-09-29,08:44 PT,Joe Rzonsa,Springbone,https://drd.sh/cart/7kwKREduWdb3kuBA/,0,,0,https://grid-angellist.enterprise.slack.com/archives/C0335KUH5AN/p1790696660651899
2026-09-29,09:37 PT,Haley Young,Avo,https://drd.sh/cart/6LSFITtzs9JQ8ugD/,0,,2,https://grid-angellist.enterprise.slack.com/archives/C0335KUH5AN/p1790699826525499
2026-09-29,10:08 PT,Ryan Bauman,Echo & the Juice,https://drd.sh/cart/dq8Y4V78yL8GNkX8/,5,echo-and-the-juice1:4 lock:1,0,https://grid-angellist.enterprise.slack.com/archives/C0335KUH5AN/p1790701695360899
2026-09-29,13:56 PT,Lavina Kalwani,Poke Bowl,https://drd.sh/cart/nDAUGB1GlW6Ye6ob/,0,,0,https://grid-angellist.enterprise.slack.com/archives/C0335KUH5AN/p1790715383430959
2026-09-29,14:08 PT,Jack Plank,Sushi,https://drd.sh/cart/DjfP3RGCWD0It8pL/,0,,0,https://grid-angellist.enterprise.slack.com/archives/C0335KUH5AN/p1790716098589729
2026-09-29,14:09 PT,Sarah Zheng,Thai,https://drd.sh/cart/SHmIGaKO75y7zReV/,1,eyes:1,0,https://grid-angellist.enterprise.slack.com/archives/C0335KUH5AN/p1790716165434449
2026-09-29,14:15 PT,Cody Maldonado,Taco Bell,https://drd.sh/cart/UxK2hYND3D7tZxHT/,0,,3,https://grid-angellist.enterprise.slack.com/archives/C0335KUH5AN/p1790716546467989
2026-09-29,14:50 PT,Khuzaima Maaz,Chipotle,https://drd.sh/cart/rrlpPJU5tW7AsdGC/,0,,1,https://grid-angellist.enterprise.slack.com/archives/C0335KUH5AN/p1790718641358139
2026-09-30,08:31 PT,Madison Friedman,Lenwich,https://drd.sh/cart/KnPFvUVluW9zx2JM/,0,,0,https://grid-angellist.enterprise.slack.com/archives/C0335KUH5AN/p1790782302638129
2026-09-30,08:37 PT,Joe Rzonsa,Springbone,https://drd.sh/cart/R8oabkYQVAwl7uS3/,0,,0,https://grid-angellist.enterprise.slack.com/archives/C0335KUH5AN/p1790782639056059
2026-09-30,08:40 PT,Francesca O'Brien,Echo & the Juice,https://drd.sh/cart/HR8EjxUIRrFzwYpJ/,4,goat:2 mschwanke:2,2,https://grid-angellist.enterprise.slack.com/archives/C0335KUH5AN/p1790782806117039
2026-09-30,09:28 PT,Tessa Coyle,Westville,https://drd.sh/cart/XyYWBUkiNdkA1uQ7/,0,,2,https://grid-angellist.enterprise.slack.com/archives/C0335KUH5AN/p1790785691572619
2026-09-30,09:36 PT,Maxim Kalinkin,Chick-fil-A,https://drd.sh/cart/8bhkEstqQCeqqbT3/,0,,0,https://grid-angellist.enterprise.slack.com/archives/C0335KUH5AN/p1790786171582389
2026-09-30,13:28 PT,Will Rosean,Thai Villa,https://drd.sh/cart/B0VSsixl9ZtiaHTf/,0,,0,https://grid-angellist.enterprise.slack.com/archives/C0335KUH5AN/p1790800103257419
2026-09-30,13:29 PT,Matt Bilotti,Ichibantai,https://drd.sh/cart/Xmn3z5GusmLCN0Mj/,0,,0,https://grid-angellist.enterprise.slack.com/archives/C0335KUH5AN/p1790800192666429
2026-09-30,13:40 PT,Haley Young,Korean,https://drd.sh/cart/UX6oXWaIJ5MUlsyo/,2,fire:1 lock:1,8,https://grid-angellist.enterprise.slack.com/archives/C0335KUH5AN/p1790800806786959
2026-09-30,14:01 PT,Ryan Bauman,Sushi,https://drd.sh/cart/hh0wknojtbTcH0Ll/,1,lock:1,0,https://grid-angellist.enterprise.slack.com/archives/C0335KUH5AN/p1790802095367709
2026-09-30,14:02 PT,Tarina Touret,Springbone,https://drd.sh/cart/LqIBTtRAcR8dwGDo/,0,,0,https://grid-angellist.enterprise.slack.com/archives/C0335KUH5AN/p1790802124614209
2026-09-30,14:18 PT,Joe Rzonsa,Au Zaatar,https://drd.sh/cart/jX46LkKBswzzxSCm/,1,eyes:1,1,https://grid-angellist.enterprise.slack.com/archives/C0335KUH5AN/p1790803092046939
